App,Category,Rating,Reviews,Installs,Type,Content Rating,Genres,Last Updated
roblox,game,4.5,4447388,100000000,Free,everyone    ,adventure,2018-07-31
subway surfers,game,4.5,27722264,1000000000,Free,everyone    ,arcade,2018-07-12
candy crush saga,game,4.4,22426677,500000000,Free,everyone,casual,2018-07-05
solitaire,game,4.7,254258,10000000,Free,everyone,card,2018-08-01
bubble shooter,game,4.5,148897,10000000,Free,everyone,casual,2018-07-17
hello kitty nail salon,game,4.2,369203,50000000,Free,everyone,role playing,2018-04-17
slither io,game,4.4,5234162,100000000,Free,everyone,action,2017-11-14
clash royale,game,4.6,23133508,100000000,Free,everyone    ,strategy,2018-06-27
temple run  ,game,4.3,8118609,500000000,Free,everyone,action,2018-07-05
pou,game,4.3,10485308,500000000,Free,everyone,casual,2018-05-25
helix jump,game,4.2,1497361,100000000,Free,everyone,action,2018-04-09
block puzzle,game,4.6,59800,5000000,Free,everyone,puzzle,2018-03-06
angry birds rio,game,4.4,2610526,100000000,Free,everyone,arcade,2018-07-03
plants vs  zombies free,game,4.4,4066989,100000000,Free,everyone    ,strategy,2018-07-06
sonic dash,game,4.5,3778921,100000000,Free,everyone,arcade,2018-07-26
candy crush soda saga,game,4.4,6198563,100000000,Free,everyone,casual,2018-07-10
zombie hunter king,game,4.3,10306,1000000,Free,mature    ,action,2018-08-01
clash of clans,game,4.6,44891723,100000000,Free,everyone    ,strategy,2018-07-15
kick the buddy,game,4.3,1000417,50000000,Free,teen,action,2018-07-05
block puzzle classic legend  ,game,4.2,17039,5000000,Free,everyone,puzzle,2018-04-13
pac man,game,4.2,685981,100000000,Free,everyone,arcade,2018-05-15
super jim jump   pixel  d,game,4.5,10393,1000000,Free,everyone,arcade,2018-07-11
  ball pool,game,4.5,14198297,100000000,Free,everyone,sports,2018-07-31
magic tiles  ,game,4.5,592068,50000000,Free,everyone,music,2018-08-03
bubble witch   saga,game,4.7,1732263,50000000,Free,everyone,puzzle,2018-07-17
word search,game,4.7,295241,10000000,Free,everyone,education,2018-06-06
granny,game,4.5,1135631,50000000,Free,teen,arcade,2018-05-29
angry birds classic,game,4.4,5566669,100000000,Free,everyone,arcade,2018-05-24
flow free,game,4.3,1295557,100000000,Free,everyone,puzzle,2018-04-11
race the traffic moto,game,3.8,270687,10000000,Free,teen,racing,2018-07-20
fishdom,game,4.6,2157930,10000000,Free,everyone,puzzle,2018-07-19
galaxy attack  alien shooter,game,4.6,506275,10000000,Free,everyone,arcade,2018-08-01
zombie tsunami,game,4.4,4920817,100000000,Free,everyone    ,arcade,2018-06-15
bubble shooter  ,game,4.3,23005,5000000,Free,everyone,arcade,2018-07-25
barbie  fashion closet,game,4.1,68057,10000000,Free,everyone,role playing,2018-07-30
candy crush jelly saga,game,4.3,1300490,50000000,Free,everyone,puzzle,2018-07-20
hill climb racing,game,4.4,8923587,100000000,Free,everyone,racing,2018-07-02
gardenscapes,game,4.6,4128732,50000000,Free,everyone,casual,2018-07-13
marble   temple quest,game,4.3,42053,10000000,Free,everyone,puzzle,2018-06-21
shooting king,game,4.4,257724,10000000,Free,everyone    ,sports,2018-05-25
zombie catchers,game,4.7,990491,10000000,Free,everyone,action,2018-05-24
minion rush  despicable me official game,game,4.5,10216538,100000000,Free,everyone    ,adventure,2018-07-12
farm heroes saga,game,4.4,7614130,100000000,Free,everyone,casual,2018-07-26
geometry dash world,game,4.6,760628,10000000,Free,everyone,arcade,2017-12-22
my talking angela,game,4.5,9881829,100000000,Free,everyone,casual,2018-07-03
cut the rope full free,game,4.4,2123381,100000000,Free,everyone,puzzle,2018-07-05
sniper  d gun shooter  free shooting games   fps,game,4.6,7671249,100000000,Free,mature    ,action,2018-08-02
subway surfers,game,4.5,27723193,1000000000,Free,everyone    ,arcade,2018-07-12
roblox,game,4.5,4447346,100000000,Free,everyone    ,adventure,2018-07-31
pou,game,4.3,10485334,500000000,Free,everyone,casual,2018-05-25
  ball pool,game,4.5,14198602,100000000,Free,everyone,sports,2018-07-31
candy crush saga,game,4.4,22428456,500000000,Free,everyone,casual,2018-07-05
plants vs  zombies free,game,4.4,4066980,100000000,Free,everyone    ,strategy,2018-07-06
cooking fever,game,4.5,3197865,100000000,Free,everyone,arcade,2018-07-12
toon blast,game,4.7,1351068,10000000,Free,everyone,puzzle,2018-07-30
score  hero,game,4.6,5418675,100000000,Free,everyone,sports,2018-06-13
my talking angela,game,4.5,9881908,100000000,Free,everyone,casual,2018-07-03
bubble shooter,game,4.5,148895,10000000,Free,everyone,casual,2018-07-17
toy blast,game,4.7,1889250,50000000,Free,everyone,puzzle,2018-07-23
miraculous ladybug   cat noir   the official game,game,4.5,183846,10000000,Free,everyone,action,2018-07-30
wordscapes,game,4.8,230710,10000000,Free,everyone,education,2018-08-02
word search,game,4.7,295305,10000000,Free,everyone,education,2018-06-06
candy crush soda saga,game,4.4,6198880,100000000,Free,everyone,casual,2018-07-10
garena free fire,game,4.5,5465624,100000000,Free,teen,action,2018-08-03
block puzzle,game,4.6,59854,5000000,Free,everyone,puzzle,2018-03-06
bowmasters,game,4.7,1534466,50000000,Free,teen,action,2018-07-23
clash royale,game,4.6,23134775,100000000,Free,everyone    ,strategy,2018-06-27
my talking tom,game,4.5,14891223,500000000,Free,everyone,casual,2018-07-19
sniper  d gun shooter  free shooting games   fps,game,4.6,7672495,100000000,Free,mature    ,action,2018-08-02
granny,game,4.5,1137271,50000000,Free,teen,arcade,2018-05-29
angry birds rio,game,4.4,2610622,100000000,Free,everyone,arcade,2018-07-03
zombie catchers,game,4.7,990586,10000000,Free,everyone,action,2018-05-24
zombie hunter king,game,4.3,10354,1000000,Free,mature    ,action,2018-08-01
temple run  ,game,4.3,8118937,500000000,Free,everyone,action,2018-07-05
zombie tsunami,game,4.4,4921122,100000000,Free,everyone    ,arcade,2018-06-15
jungle marble blast,game,4.3,18985,5000000,Free,everyone,casual,2018-07-23
rider,game,4.5,655067,10000000,Free,teen,arcade,2017-07-17
farm heroes saga,game,4.4,7614271,100000000,Free,everyone,casual,2018-07-26
super jim jump   pixel  d,game,4.5,10434,1000000,Free,everyone,arcade,2018-07-11
slither io,game,4.4,5234825,100000000,Free,everyone,action,2017-11-14
roll the ball    slide puzzle,game,4.5,1385093,100000000,Free,everyone,puzzle,2018-08-02
talking tom gold run,game,4.6,2698348,100000000,Free,everyone,action,2018-07-31
pixel art  color by number game,game,4.7,1125017,10000000,Free,everyone,puzzle,2018-07-17
dream league soccer     ,game,4.6,9882639,100000000,Free,everyone,sports,2018-07-16
angry birds classic,game,4.4,5566805,100000000,Free,everyone,arcade,2018-05-24
fruits bomb,game,4.4,74673,10000000,Free,everyone,casual,2018-07-06
traffic racer,game,4.5,5387639,100000000,Free,everyone,racing,2018-02-27
hill climb racing  ,game,4.6,2750410,100000000,Free,everyone,racing,2018-08-02
flow free,game,4.3,1295606,100000000,Free,everyone,puzzle,2018-04-11
knife hit,game,4.5,461137,10000000,Free,everyone,arcade,2018-05-22
block craft  d  building simulator games for free,game,4.5,946926,50000000,Free,everyone,simulation,2018-03-05
farm fruit pop  party time,game,4.4,9305,1000000,Free,everyone,casual,2018-08-02
roblox,game,4.5,4448791,100000000,Free,everyone    ,adventure,2018-07-31
helix jump,game,4.2,1498648,100000000,Free,everyone,action,2018-04-09
subway surfers,game,4.5,27724094,1000000000,Free,everyone    ,arcade,2018-07-12
toon blast,game,4.7,1351089,10000000,Free,everyone,puzzle,2018-07-30
love balls,game,4.2,360630,50000000,Free,everyone,puzzle,2018-07-31
granny,game,4.5,1137267,50000000,Free,teen,arcade,2018-05-29
  ball pool,game,4.5,14200344,100000000,Free,everyone,sports,2018-07-31
slither io,game,4.4,5234810,100000000,Free,everyone,action,2017-11-14
hungry shark evolution,game,4.5,6074334,100000000,Free,teen,arcade,2018-07-25
magic tiles  ,game,4.5,592282,50000000,Free,everyone,music,2018-08-03
bowmasters,game,4.7,1535084,50000000,Free,teen,action,2018-07-23
piano tiles   ,game,4.7,8118880,100000000,Free,everyone,arcade,2018-08-03
pok mon go,game,4.1,10424925,100000000,Free,everyone,adventure,2018-07-23
wordscapes,game,4.8,230727,10000000,Free,everyone,education,2018-08-02
paint hit,game,4.4,37023,10000000,Free,everyone,casual,2018-07-06
snake vs block,game,4.2,422244,50000000,Free,teen,arcade,2018-04-23
rolly vortex,game,4.4,98123,10000000,Free,teen,arcade,2018-05-25
woody puzzle,game,4.7,21262,1000000,Free,everyone,puzzle,2018-08-03
stack jump,game,4.3,118253,10000000,Free,teen,arcade,2018-05-03
color by number   new coloring book,game,4.7,141529,5000000,Free,everyone    ,board,2018-08-01
the cube,game,4.2,70226,5000000,Free,everyone,arcade,2018-07-25
extreme car driving simulator,game,4.3,2251012,100000000,Free,everyone,racing,2018-05-03
bricks n balls,game,4.4,30253,1000000,Free,everyone,casual,2018-08-05
the fish master ,game,4.1,15763,1000000,Free,everyone,arcade,2018-07-17
color road,game,4.1,84911,10000000,Free,everyone,arcade,2018-07-19
draw in,game,4.2,46416,10000000,Free,everyone,arcade,2018-07-23
plank ,game,4.7,7196,500000,Free,everyone,arcade,2018-07-17
looper ,game,4.6,48256,1000000,Free,everyone,puzzle,2018-07-20
trivia crack,game,4.5,6427773,100000000,Free,everyone,education,2018-08-03
will it crush ,game,3.1,25825,5000000,Free,everyone,simulation,2018-05-22
tomb of the mask,game,4.1,55380,5000000,Free,everyone,action,2018-07-24
baseball boy ,game,3.4,148177,10000000,Free,everyone,arcade,2018-07-27
pubg mobile,game,4.4,3715656,50000000,Free,teen,action,2018-07-24
episode   choose your story,game,4.3,1841061,50000000,Free,teen,simulation,2018-07-31
hello stars,game,4.6,101686,10000000,Free,everyone,puzzle,2018-08-04
run sausage run ,game,4.4,275447,10000000,Free,everyone    ,arcade,2018-08-01
tank stars,game,4.3,174755,10000000,Free,everyone    ,arcade,2018-07-11
castle clash  heroes of the empire us,game,4.6,4578476,50000000,Free,everyone    ,strategy,2018-07-17
hole io,game,4.2,145353,10000000,Free,teen,arcade,2018-07-24
helix jump,game,4.2,1499373,100000000,Free,everyone,action,2018-04-09
mini golf king   multiplayer game,game,4.5,531458,5000000,Free,everyone,sports,2018-07-20
pubg mobile,game,4.4,3714270,50000000,Free,teen,action,2018-07-24
flip the gun   simulator game,game,4.2,195558,10000000,Free,everyone,arcade,2018-07-26
mad skills bmx  ,game,4.5,29940,1000000,Free,everyone,action,2018-07-26
mmx hill dash     offroad truck  car   bike racing,game,4.4,41975,1000000,Free,everyone,racing,2018-07-19
word link,game,4.6,216675,10000000,Free,everyone,education,2018-08-01
last day on earth  survival,game,4.5,2311785,10000000,Free,teen,action,2018-08-01
marvel strike force,game,4.3,165888,5000000,Free,teen,role playing,2018-07-31
partymasters   fun idle game,game,4.6,541144,10000000,Free,teen,arcade,2018-07-12
harry potter  hogwarts mystery,game,4.4,1107310,10000000,Free,teen,adventure,2018-08-01
offroad outlaws,game,4.4,29168,1000000,Free,everyone,racing,2018-05-29
grim soul  dark fantasy survival,game,4.5,189773,5000000,Free,teen,role playing,2018-07-18
dragon ball legends,game,4.6,337752,5000000,Free,teen,action,2018-08-03
disney heroes  battle mode,game,4.6,102107,5000000,Free,everyone    ,strategy,2018-07-31
homescapes,game,4.6,3093358,10000000,Free,everyone,casual,2018-07-13
new yahtzee  with buddies dice game,game,4.1,42079,5000000,Free,everyone,board,2018-07-05
word crossy   a crossword game,game,4.5,240416,5000000,Free,everyone,education,2018-08-01
mlb tap sports baseball     ,game,4.6,32506,1000000,Free,everyone,sports,2018-06-27
hero hunters,game,4.4,70747,5000000,Free,teen,action,2018-07-31
cooking madness   a chef s restaurant games,game,4.7,358817,10000000,Free,everyone,arcade,2018-07-30
ice crush        a new puzzle matching adventure,game,4.6,15403,1000000,Free,everyone,casual,2018-08-02
terragenesis   space colony,game,4.3,38957,1000000,Free,everyone,simulation,2018-08-02
merge dragons ,game,4.5,214777,5000000,Free,everyone,puzzle,2018-07-30
shadowgun legends,game,4.6,100609,1000000,Free,teen,action,2018-07-16
rules of survival,game,4.2,1343866,10000000,Free,teen,action,2018-08-01
mafia city,game,4.5,168717,10000000,Free,mature    ,strategy,2018-08-03
cash  inc  money clicker game   business adventure,game,4.8,549720,10000000,Free,everyone,simulation,2018-07-19
dino war  rise of beasts,game,4.1,18996,1000000,Free,teen,strategy,2018-08-01
tokyo ghoul  dark war,game,4.3,25094,1000000,Free,teen,role playing,2018-07-06
last shelter  survival,game,4.4,93033,5000000,Free,teen,strategy,2018-08-04
guns of glory,game,4.0,120592,10000000,Free,everyone    ,strategy,2018-07-31
lineage    revolution,game,4.2,187972,5000000,Free,teen,role playing,2018-07-11
final fantasy xv  a new empire,game,4.0,484981,10000000,Free,everyone    ,strategy,2018-06-15
girls  frontline,game,4.2,2055,100000,Free,teen,strategy,2018-05-18
chapters  interactive stories,game,4.5,73539,1000000,Free,mature    ,role playing,2018-08-02
honkai impact  rd,game,4.7,59017,1000000,Free,teen,action,2018-07-03
master of eternity moe ,game,4.2,5829,100000,Free,teen,strategy,2018-07-26
the game of life,game,4.4,18621,100000,Paid,everyone,board,2018-07-04
clue,game,4.6,19922,100000,Paid,everyone    ,board,2018-07-30
the room  old sins,game,4.9,21119,100000,Paid,everyone,puzzle,2018-04-18
the escapists,game,4.4,7412,100000,Paid,teen,strategy,2018-04-26
farming simulator   ,game,4.5,18125,100000,Paid,everyone,education,2018-07-09
rollercoaster tycoon  classic,game,4.6,10795,100000,Paid,everyone,simulation,2017-12-21
call of duty black ops zombies,game,4.2,13004,100000,Paid,teen,action,2016-12-20
star wars    dirty,game,4.5,38207,100000,Paid,teen,role playing,2015-10-19
monument valley  ,game,4.6,9394,100000,Paid,everyone,puzzle,2017-11-30
dragon ball legends,game,4.6,337913,5000000,Free,teen,action,2018-08-03
roblox,game,4.5,4449882,100000000,Free,everyone    ,adventure,2018-07-31
candy crush saga,game,4.4,22429716,500000000,Free,everyone,casual,2018-07-05
angry birds  ,game,4.6,3883589,100000000,Free,everyone,casual,2018-07-26
  ball pool,game,4.5,14200550,100000000,Free,everyone,sports,2018-07-31
fallout shelter,game,4.6,2719142,10000000,Free,teen,simulation,2018-06-11
harry potter  hogwarts mystery,game,4.4,1107197,10000000,Free,teen,adventure,2018-08-01
pubg mobile,game,4.4,3716278,50000000,Free,teen,action,2018-07-24
the sims  freeplay,game,4.3,931595,10000000,Free,teen,simulation,2018-07-16
marvel strike force,game,4.3,165928,5000000,Free,teen,role playing,2018-07-31
best fiends   free puzzle game,game,4.6,1480189,10000000,Free,everyone,casual,2018-08-02
marvel contest of champions,game,4.3,2468063,50000000,Free,teen,action,2018-07-30
jurassic world  alive,game,4.3,309176,5000000,Free,everyone    ,simulation,2018-08-02
choices  stories you play,game,4.6,807338,10000000,Free,teen,simulation,2018-07-30
solitaire tripeaks,game,4.5,446434,10000000,Free,everyone,card,2018-08-01
merge dragons ,game,4.5,214819,5000000,Free,everyone,puzzle,2018-07-30
the walking dead  road to survival,game,4.2,522466,10000000,Free,mature    ,role playing,2018-06-19
hustle castle  fantasy kingdom,game,4.7,584126,10000000,Free,everyone    ,role playing,2018-07-27
might   magic  elemental guardians,game,4.3,32551,500000,Free,mature    ,role playing,2018-07-12
game of thrones  conquest ,game,4.0,90218,1000000,Free,teen,strategy,2018-08-03
love nikki dress up queen,game,4.4,212524,5000000,Free,everyone,role playing,2018-07-24
summoners war,game,4.3,2045554,50000000,Free,teen,role playing,2018-07-30
final fantasy brave exvius,game,4.6,745684,5000000,Free,teen,role playing,2018-07-17
idle heroes,game,4.7,416540,10000000,Free,everyone    ,role playing,2018-05-30
fate grand order  english ,game,4.4,16601,500000,Free,teen,role playing,2018-07-26
lords mobile  battle of the empires   strategy rpg,game,4.4,3057481,50000000,Free,teen,strategy,2018-07-26
war and order,game,4.3,224514,5000000,Free,teen,strategy,2018-07-18
dungeon hunter champions  epic online action rpg,game,4.2,26247,1000000,Free,teen,role playing,2018-07-26
candy crush saga,game,4.4,22430188,500000000,Free,everyone,casual,2018-07-05
roblox,game,4.5,4449910,100000000,Free,everyone    ,adventure,2018-07-31
  ball pool,game,4.5,14201891,100000000,Free,everyone,sports,2018-07-31
subway surfers,game,4.5,27725352,1000000000,Free,everyone    ,arcade,2018-07-12
candy crush soda saga,game,4.4,6199095,100000000,Free,everyone,casual,2018-07-10
zombie hunter king,game,4.3,10493,1000000,Free,mature    ,action,2018-08-01
bubble shooter,game,4.5,148945,10000000,Free,everyone,casual,2018-07-17
toon blast,game,4.7,1351771,10000000,Free,everyone,puzzle,2018-07-30
toy blast,game,4.7,1889582,50000000,Free,everyone,puzzle,2018-07-23
clash royale,game,4.6,23136735,100000000,Free,everyone    ,strategy,2018-06-27
clash of clans,game,4.6,44893888,100000000,Free,everyone    ,strategy,2018-07-15
farm heroes saga,game,4.4,7614415,100000000,Free,everyone,casual,2018-07-26
plants vs  zombies free,game,4.4,4067651,100000000,Free,everyone    ,strategy,2018-07-06
word search,game,4.7,295576,10000000,Free,everyone,education,2018-06-06
block puzzle,game,4.6,59907,5000000,Free,everyone,puzzle,2018-03-06
super jim jump   pixel  d,game,4.5,10460,1000000,Free,everyone,arcade,2018-07-11
pou,game,4.3,10486018,500000000,Free,everyone,casual,2018-05-25
temple run  ,game,4.3,8119151,500000000,Free,everyone,action,2018-07-05
flow free,game,4.3,1295625,100000000,Free,everyone,puzzle,2018-04-11
homescapes,game,4.6,3093932,10000000,Free,everyone,casual,2018-07-13
wordscapes,game,4.8,230849,10000000,Free,everyone,education,2018-08-02
my talking angela,game,4.5,9883367,100000000,Free,everyone,casual,2018-07-03
slither io,game,4.4,5235294,100000000,Free,everyone,action,2017-11-14
cooking fever,game,4.5,3198176,100000000,Free,everyone,arcade,2018-07-12
yes day,game,4.5,10055521,100000000,Free,everyone,casual,2018-06-28
gardenscapes,game,4.6,4129665,50000000,Free,everyone,casual,2018-07-13
fishdom,game,4.6,2158580,10000000,Free,everyone,puzzle,2018-07-19
galaxy attack  alien shooter,game,4.6,506593,10000000,Free,everyone,arcade,2018-08-01
score  hero,game,4.6,5419676,100000000,Free,everyone,sports,2018-06-13
zombie catchers,game,4.7,990723,10000000,Free,everyone,action,2018-05-24
magic tiles  ,game,4.5,592504,50000000,Free,everyone,music,2018-08-03
jewels star  oz adventure,game,4.5,21892,1000000,Free,everyone,puzzle,2017-12-29
granny,game,4.5,1138239,50000000,Free,teen,arcade,2018-05-29
dream league soccer     ,game,4.6,9883806,100000000,Free,everyone,sports,2018-07-16
sweet fruit candy,game,4.5,197540,10000000,Free,everyone,puzzle,2018-07-16
fruits bomb,game,4.4,74695,10000000,Free,everyone,casual,2018-07-06
angry birds classic,game,4.4,5566889,100000000,Free,everyone,arcade,2018-05-24
talking tom gold run,game,4.6,2698882,100000000,Free,everyone,action,2018-07-31
bowmasters,game,4.7,1535973,50000000,Free,teen,action,2018-07-23
my talking tom,game,4.5,14892469,500000000,Free,everyone,casual,2018-07-19
hill climb racing,game,4.4,8923818,100000000,Free,everyone,racing,2018-07-02
sniper  d gun shooter  free shooting games   fps,game,4.6,7674252,100000000,Free,mature    ,action,2018-08-02
pixel art  color by number game,game,4.7,1125438,10000000,Free,everyone,puzzle,2018-07-17
shoot bubble   fruit splash,game,4.6,29445,5000000,Free,everyone,casual,2018-05-11
rider,game,4.5,655145,10000000,Free,teen,arcade,2017-07-17
zombie tsunami,game,4.4,4921451,100000000,Free,everyone    ,arcade,2018-06-15
garena free fire,game,4.5,5476569,100000000,Free,teen,action,2018-08-03
doodle jump,game,4.3,1083571,50000000,Free,everyone,arcade,2018-07-20
helix jump,game,4.2,1500999,100000000,Free,everyone,action,2018-04-09
crossy road,game,4.5,4230886,100000000,Free,everyone,action,2018-08-01
temple run  ,game,4.3,8119154,500000000,Free,everyone,action,2018-07-05
talking tom gold run,game,4.6,2698889,100000000,Free,everyone,action,2018-07-31
zombie catchers,game,4.7,990663,10000000,Free,everyone,action,2018-05-24
swamp attack,game,4.4,2119218,50000000,Free,everyone    ,action,2018-06-29
earn to die  ,game,4.6,1327265,50000000,Free,teen,racing,2017-04-12
miraculous ladybug   cat noir   the official game,game,4.5,184210,10000000,Free,everyone,action,2018-07-30
kick the buddy,game,4.3,1003269,50000000,Free,teen,action,2018-07-05
hungry shark world,game,4.5,1242855,50000000,Free,teen,action,2018-07-18
dude perfect  ,game,4.5,401425,10000000,Free,everyone,action,2017-04-12
shadow fight  ,game,4.6,10979062,100000000,Free,everyone    ,action,2018-07-02
alto s adventure,game,4.6,515657,10000000,Free,everyone,action,2018-06-05
deer hunter     ,game,4.3,955656,10000000,Free,teen,action,2018-06-26
dead target  fps zombie apocalypse survival games,game,4.5,1468591,50000000,Free,mature    ,action,2018-07-23
cover fire  offline shooting games for free,game,4.7,725897,10000000,Free,teen,action,2018-08-03
anger of stick     zombie,game,4.5,549039,50000000,Free,teen,action,2018-08-03
cats  crash arena turbo stars,game,4.7,1559650,50000000,Free,everyone,action,2018-07-09
soul knight,game,4.7,292164,10000000,Free,everyone    ,action,2018-08-01
major mayhem,game,4.6,520962,10000000,Free,teen,action,2017-06-28
dino hunter  deadly shores,game,4.4,1381820,10000000,Free,teen,action,2017-03-14
strawberry shortcake berryrush,game,4.3,525517,10000000,Free,everyone,adventure,2017-10-15
extreme match,game,4.5,696,100000,Free,everyone,action,2018-07-05
power rangers dino charge,game,4.3,194969,10000000,Free,everyone    ,action,2018-01-29
zombie hunter  post apocalypse survival games,game,4.4,327599,10000000,Free,teen,action,2017-07-28
agar io,game,4.2,3816799,100000000,Free,everyone,action,2018-07-23
zombie hunter king,game,4.3,10538,1000000,Free,mature    ,action,2018-08-01
battlelands royale,game,4.4,105620,1000000,Free,everyone    ,action,2018-07-16
once upon a tower,game,4.7,37139,1000000,Free,everyone    ,action,2018-01-24
tekken ,game,4.2,147791,5000000,Free,teen,action,2018-07-26
diep io,game,4.1,347883,10000000,Free,everyone,action,2018-03-16
arrow io,game,4.5,343263,10000000,Free,everyone    ,action,2018-08-06
beyblade burst app,game,4.5,216849,10000000,Free,everyone,adventure,2018-07-16
dragon hills,game,4.5,354373,10000000,Free,everyone    ,action,2017-10-12
bus rush  subway edition,game,4.1,753043,100000000,Free,teen,action,2018-08-01
dc super hero girls ,game,4.3,43055,5000000,Free,everyone,adventure,2018-06-29
tiny archers,game,4.5,80678,5000000,Free,mature    ,action,2018-05-25
metal soldiers  ,game,4.4,153381,10000000,Free,teen,action,2018-06-18
runner  d like,game,4.5,559,100000,Free,everyone    ,action,2018-08-03
war robots,game,4.6,3073251,50000000,Free,everyone    ,action,2018-07-25
dinosaur simulator  dino world,game,4.0,26649,5000000,Free,teen,action,2018-08-05
gunship battle  helicopter  d,game,4.3,2151039,50000000,Free,teen,action,2018-08-01
quiz  logo game,game,4.5,306764,10000000,Free,everyone,education,2018-08-03
helix jump,game,4.2,1500622,100000000,Free,everyone,action,2018-04-09
  ball pool,game,4.5,14201604,100000000,Free,everyone,sports,2018-07-31
jewels legend   match   puzzle,game,4.6,280098,10000000,Free,everyone,arcade,2018-07-20
bubble shooter,game,4.5,148990,10000000,Free,everyone,casual,2018-07-17
solitaire,game,4.7,154264,10000000,Free,everyone,card,2018-06-08
bubble shooter genies,game,4.5,26985,5000000,Free,everyone,casual,2018-06-04
blossom blast saga,game,4.5,1125438,10000000,Free,everyone,casual,2018-07-05
traffic racer,game,4.5,5387781,100000000,Free,everyone,racing,2018-02-27
hill climb racing,game,4.4,8923847,100000000,Free,everyone,racing,2018-07-02
earn to die  ,game,4.6,1327269,50000000,Free,teen,racing,2017-04-12
bubble shooter  ,game,4.3,23043,5000000,Free,everyone,arcade,2018-07-25
candy bomb,game,4.4,42145,10000000,Free,everyone,education,2018-07-04
zombie catchers,game,4.7,990796,10000000,Free,everyone,action,2018-05-24
gems or jewels  ,game,4.7,171448,10000000,Free,teen,puzzle,2018-08-03
angry birds rio,game,4.4,2610680,100000000,Free,everyone,arcade,2018-07-03
candy crush jelly saga,game,4.3,1300619,50000000,Free,everyone,puzzle,2018-07-20
cut the rope full free,game,4.4,2123793,100000000,Free,everyone,puzzle,2018-07-05
hungry shark evolution,game,4.5,6074627,100000000,Free,teen,arcade,2018-07-25
power pop bubbles,game,4.4,104303,10000000,Free,everyone,arcade,2018-08-02
angry birds classic,game,4.4,5566908,100000000,Free,everyone,arcade,2018-05-24
best fiends   free puzzle game,game,4.6,1480182,10000000,Free,everyone,casual,2018-08-02
hill climb racing  ,game,4.6,2750645,100000000,Free,everyone,racing,2018-08-02
jewels classic prince,game,4.4,47644,5000000,Free,everyone,puzzle,2018-06-15
fruit block   puzzle legend,game,4.6,125647,10000000,Free,everyone,casual,2018-07-23
bubble shooter space,game,4.2,4355,1000000,Free,everyone,casual,2017-07-17
swamp attack,game,4.4,2119235,50000000,Free,everyone    ,action,2018-06-29
 line   one line with one touch,game,4.6,214878,10000000,Free,everyone,board,2018-08-03
stick war  legacy,game,4.6,811040,10000000,Free,teen,strategy,2018-05-10
bowmasters,game,4.7,1536349,50000000,Free,teen,action,2018-07-23
block puzzle classic legend  ,game,4.2,17044,5000000,Free,everyone,puzzle,2018-04-13
marble woka woka        bubble shooter match  ,game,4.6,155186,10000000,Free,everyone,puzzle,2018-08-03
pixel art  color by number game,game,4.7,1125566,10000000,Free,everyone,puzzle,2018-07-17
super jabber jump  ,game,4.3,34494,5000000,Free,everyone    ,arcade,2018-07-11
rush,game,4.6,260651,10000000,Free,everyone,arcade,2018-02-14
jetpack joyride,game,4.4,4638163,100000000,Free,everyone    ,arcade,2018-07-19
zombie tsunami,game,4.4,4921409,100000000,Free,everyone    ,arcade,2018-06-15
dead target  fps zombie apocalypse survival games,game,4.5,1468638,50000000,Free,mature    ,action,2018-07-23
word search,game,4.2,344585,50000000,Free,everyone,education,2018-07-02
farm heroes saga,game,4.4,7614407,100000000,Free,everyone,casual,2018-07-26
racing in car  ,game,4.3,234110,50000000,Free,everyone,racing,2016-11-22
dog run   pet dog simulator,game,4.7,48615,10000000,Free,everyone,adventure,2018-05-22
rope hero return of a legend,game,4.3,9951,1000000,Free,mature    ,arcade,2016-08-26
draw a stickman  epic   free,game,4.3,213340,10000000,Free,everyone,adventure,2018-06-14
agar io,game,4.2,3815614,100000000,Free,everyone,action,2018-07-23
angry birds classic,game,4.4,5565856,100000000,Free,everyone,arcade,2018-05-24
uno     friends,game,4.1,1728557,50000000,Free,everyone,card,2017-09-20
  in a row,game,3.8,4257,500000,Free,everyone,board,2018-05-13
bubble shooter,game,4.5,43576,5000000,Free,everyone,arcade,2017-09-13
subway surfers,game,4.5,27711703,1000000000,Free,everyone    ,arcade,2018-07-12
super mario run,game,3.7,1221896,100000000,Free,everyone,action,2018-07-12
stardom  the a list,game,4.5,152658,1000000,Free,teen,adventure,2014-09-12
glow hockey,game,4.1,1703479,100000000,Free,everyone,arcade,2018-07-22
pok mon go,game,4.1,10421284,100000000,Free,everyone,adventure,2018-07-23
asphalt    airborne,game,4.5,8389714,100000000,Free,teen,racing,2018-07-04
pac man,game,4.2,685450,100000000,Free,everyone,arcade,2018-05-15
lep s world     ,game,4.3,798522,100000000,Free,everyone    ,arcade,2018-06-07
law of creation  a playable manga,game,4.5,13118,500000,Free,teen,adventure,2018-06-25
real city car driver,game,3.7,413609,10000000,Free,mature    ,racing,2018-08-01
rolling sky,game,4.5,1117212,50000000,Free,everyone,board,2018-08-03
  in a row,game,4.3,47698,5000000,Free,everyone,board,2016-04-12
four in a line free,game,4.3,133195,5000000,Free,everyone,board,2018-06-11
alto s adventure,game,4.6,515240,10000000,Free,everyone,action,2018-06-05
draw a stickman,game,3.4,29265,1000000,Free,everyone,adventure,2017-05-19
zombie tsunami,game,4.4,4918776,100000000,Free,everyone    ,arcade,2018-06-15
four in a line,game,3.8,22191,1000000,Free,everyone,board,2015-05-04
cardi b piano game,game,3.1,50,10000,Free,everyone,music,2017-11-15
mortal kombat x,game,4.4,3039889,10000000,Free,mature    ,action,2018-06-27
  multicraft   free miner   ,game,4.3,1305050,50000000,Free,everyone    ,adventure,2018-07-29
pixel gun  d  survival shooter   battle royale,game,4.5,4487182,50000000,Free,teen,action,2018-07-04
b    spirits of glory deluxe,game,4.3,12,100,Paid,everyone,arcade,2017-09-02
hungry shark evolution,game,4.5,6071542,100000000,Free,teen,arcade,2018-07-25
perfect piano,game,4.2,828489,50000000,Free,everyone,music,2018-08-04
b grade renegade,game,3.9,24,1000,Paid,teen,action,2017-10-17
cursum b,game,0.0,30,500,Paid,everyone,racing,2017-06-20
critical ops,game,4.4,1397944,10000000,Free,teen,action,2018-07-31
hill climb racing,game,4.4,8921451,100000000,Free,everyone,racing,2018-07-02
hitman sniper,game,4.6,408292,10000000,Paid,mature    ,action,2018-07-12
frontline commando  d day,game,4.5,1736105,10000000,Free,mature    ,action,2014-05-16
fruit ninja ,game,4.3,5091448,100000000,Free,everyone,arcade,2018-07-12
crossy road,game,4.5,4229977,100000000,Free,everyone,action,2018-08-01
temple run  ,game,4.3,8116142,500000000,Free,everyone,action,2018-07-05
beach buggy blitz,game,4.2,640974,50000000,Free,everyone,racing,2018-06-05
vector,game,4.4,3058687,100000000,Free,everyone    ,arcade,2016-07-18
dr  driving,game,4.5,4972230,100000000,Free,everyone,racing,2018-03-02
d day world war ii commando survival shooting,game,4.2,951,100000,Free,teen,action,2018-05-25
geometry dash meltdown,game,4.6,1591129,50000000,Free,everyone,arcade,2017-12-22
sniper  d gun shooter  free shooting games   fps,game,4.6,7657490,100000000,Free,mature    ,action,2018-08-02
bike race free   top motorcycle racing games,game,4.5,2586261,100000000,Free,everyone,racing,2018-07-31
smash hit,game,4.5,4147718,100000000,Free,everyone,arcade,2015-11-26
temple run,game,4.3,4000433,100000000,Free,everyone,arcade,2018-08-02
super car f  mod for mcpe,game,3.6,214,50000,Free,everyone,adventure,2018-07-19
geometry dash world,game,4.6,759838,10000000,Free,everyone,arcade,2017-12-22
pubg mobile,game,4.4,3697174,50000000,Free,teen,action,2018-07-24
gangstar vegas   mafia game,game,4.5,4830407,50000000,Free,mature    ,action,2018-05-25
granny,game,4.5,1128805,50000000,Free,teen,arcade,2018-05-29
rolling g sky,game,3.6,2065,100000,Free,everyone,adventure,2017-01-25
g switch  ,game,4.4,12683,1000000,Free,everyone,action,2018-02-05
g switch  ,game,4.6,3656,100000,Free,everyone,action,2018-03-15
g switch,game,3.8,4116,100000,Free,everyone,action,2015-09-01
radial g   infinity,game,3.6,517,50000,Free,everyone,arcade,2015-12-07
helix jump,game,4.2,1485806,100000000,Free,everyone,action,2018-04-09
geometry dash lite,game,4.5,6181640,100000000,Free,everyone,arcade,2017-12-22
car driving simulator drift,game,4.4,19816,1000000,Free,everyone,racing,2017-11-03
the world ends with you,game,4.6,4108,10000,Paid,everyone    ,arcade,2015-12-14
rc city police heavy traffic racer,game,4.4,3250,1000000,Free,everyone,racing,2018-07-19
d h reaction wall,game,0.0,0,1,Paid,everyone,arcade,2016-07-24
motorbike driving simulator  d,game,3.9,178723,10000000,Free,everyone,racing,2016-12-25
helix,game,3.9,2454,500000,Free,everyone,arcade,2017-09-10
slither io,game,4.4,5231553,100000000,Free,everyone,action,2017-11-14
solitaire ,game,4.7,403911,10000000,Free,everyone,card,2018-06-24
igun pro  the original gun app,game,4.2,249308,10000000,Free,everyone,arcade,2017-09-07
sonic dash,game,4.5,3777822,100000000,Free,everyone,arcade,2018-07-26
ninjump,game,4.3,421000,10000000,Free,everyone,arcade,2018-06-13
zombie catchers,game,4.7,989158,10000000,Free,everyone,action,2018-05-24
fidget spinner,game,4.2,307398,10000000,Free,everyone,arcade,2017-11-30
jetpack joyride,game,4.4,4637439,100000000,Free,everyone    ,arcade,2018-07-19
anger of stick     zombie,game,4.5,547644,50000000,Free,teen,action,2018-08-03
j balvin piano tiles,game,0.0,6,500,Free,everyone,music,2018-05-15
guess the song of j balvin,game,0.0,28,1000,Free,everyone,education,2017-12-24
j stars victory vs guide,game,4.1,609,10000,Free,everyone,action,2014-05-14
kim kardashian  hollywood,game,4.3,1017408,10000000,Free,teen,adventure,2018-07-16
magic tiles   twice edition  k pop ,game,4.4,2351,100000,Free,everyone,music,2018-07-25
magic tiles   blackpink edition  k pop ,game,4.6,4304,100000,Free,everyone,music,2018-06-20
korean dungeon  k word     ,game,4.7,703,10000,Free,everyone    ,education,2017-11-17
talking tom gold run,game,4.6,2694969,100000000,Free,everyone,action,2018-07-31
lep s world  ,game,4.3,696019,50000000,Free,everyone    ,arcade,2018-05-26
last day on earth  survival,game,4.5,2308916,10000000,Free,teen,action,2018-08-01
ant smasher by best cool   fun games,game,4.2,1185148,100000000,Free,everyone,arcade,2018-08-01
cheating tom     genius school,game,4.3,90415,10000000,Free,everyone,arcade,2018-07-24
m  x  x  m i   i   raci ng     ,game,4.4,596,100000,Free,everyone,arcade,2017-02-12
m acceleration  d car racing,game,3.9,1202,100000,Free,everyone,racing,2018-06-28
super hero m craft run,game,3.7,303,100000,Free,everyone,arcade,2017-07-12
don t hug me i m so scared,game,3.5,901,50000,Free,everyone,adventure,2018-06-08
rope n fly  ,game,4.1,234606,10000000,Free,everyone,action,2018-01-29
cops n robbers   fps mini game,game,4.2,156862,5000000,Free,everyone    ,action,2018-07-31
cops n robbers  ,game,4.1,63680,1000000,Free,everyone    ,adventure,2018-06-02
hide n seek   mini game,game,3.8,4719,500000,Free,everyone,action,2018-07-08
rope n fly     dusk till dawn,game,4.0,166033,10000000,Free,everyone    ,arcade,2018-01-31
drag n boom,game,4.8,133180,1000000,Free,everyone    ,arcade,2018-01-12
traps n  gemstones,game,4.5,413,1000,Paid,everyone,adventure,2017-05-17
cops n robbers,game,4.0,37789,1000000,Free,teen,adventure,2018-06-06
ghosts n goblins mobile,game,3.8,466,10000,Paid,everyone,arcade,2017-03-28
mopar drag n brag,game,4.2,30630,1000000,Free,everyone,racing,2015-05-25
draw n guess multiplayer,game,3.9,29505,1000000,Free,everyone,education,2018-04-04
lock  n  roll pro   ad free,game,4.6,169,1000,Paid,everyone,card,2015-07-01
rock n  cash casino slots  free vegas slot games,game,4.7,6187,100000,Free,teen,casino,2018-07-27
rock n roll music quiz game,game,3.7,80,10000,Free,everyone,education,2018-06-06
jump n shoot attack,game,4.1,155,1000,Paid,everyone,arcade,2018-05-26
ghouls n ghosts mobile,game,3.9,168,5000,Paid,everyone    ,arcade,2017-05-18
oddworld  new  n  tasty,game,4.6,1475,10000,Paid,teen,action,2018-01-02
obbligo o verit   pro,game,0.0,4,100,Paid,teen,board,2018-04-26
drink o tron the drinking game,game,4.1,140,50000,Free,mature    ,card,2017-05-31
the maze runner,game,4.0,428268,10000000,Free,everyone,action,2015-09-14
the q   live trivia game network,game,2.7,1486,100000,Free,everyone,education,2018-08-03
q bert  rebooted,game,4.3,13788,1000000,Free,everyone,arcade,2017-04-01
gun shoot war q,game,4.2,26893,1000000,Free,teen,arcade,2017-03-01
djmax technika q   music game,game,4.3,21107,100000,Free,everyone,music,2018-07-30
r type ii,game,4.3,5682,50000,Paid,everyone,arcade,2017-03-02
r type,game,4.5,7687,100000,Paid,everyone,arcade,2017-02-27
stupid zombies,game,4.5,464900,10000000,Free,teen,arcade,2018-06-27
crime wars s  andreas,game,4.3,5785,500000,Free,teen,racing,2017-04-12
dino t rex,game,4.0,69115,10000000,Free,everyone,arcade,2018-06-13
don t starve  pocket edition,game,4.4,17988,100000,Paid,teen,adventure,2018-07-25
don t starve  shipwrecked,game,4.1,1468,10000,Paid,teen,adventure,2018-07-10
ludo   don t get angry,game,4.2,131,1000,Paid,everyone,board,2016-02-24
u    submarine commander free,game,3.5,4575,500000,Free,everyone,arcade,2017-10-07
identity v,game,4.2,109263,1000000,Free,teen,action,2018-07-10
v for voodoo,game,4.2,16876,1000000,Free,teen,education,2018-06-28
sin city crime simulator v   gangster,game,4.2,2113,100000,Free,everyone    ,action,2018-04-23
the gang sniper v  pocket edition ,game,3.9,6121,500000,Free,mature    ,action,2018-06-20
san andreas  gang crime v,game,4.1,2399,100000,Free,mature    ,action,2018-01-28
mental hospital v,game,4.2,2460,50000,Paid,mature    ,action,2016-11-19
grand stickman cover v,game,4.0,1744,100000,Free,mature    ,action,2018-05-19
words with friends classic,game,4.3,1704112,50000000,Free,everyone,education,2018-07-11
draw something classic,game,4.2,1092106,50000000,Free,everyone,education,2018-07-28
extreme x ray robot stunts,game,4.3,10806,5000000,Free,everyone,racing,2017-05-09
casino x   free online slots,game,4.5,30515,1000000,Free,teen,casino,2018-05-22
x wolf,game,4.2,4878,100000,Free,everyone    ,adventure,2018-02-02
hero fighter x,game,4.5,24210,500000,Free,teen,action,2015-11-13
slendrina x,game,4.4,12736,1000000,Free,teen,arcade,2017-12-18
robocar x ray,game,4.5,3432,1000000,Free,mature    ,action,2017-01-23
space x  sky wars of air force,game,4.5,10748,1000000,Free,everyone,arcade,2018-08-04
real gangster crime,game,4.3,285814,10000000,Free,teen,action,2018-06-26
gangster town,game,4.1,74842,5000000,Free,teen,action,2016-12-22
rope hero  ,game,4.4,45871,5000000,Free,teen,action,2017-05-08
experiment z   zombie,game,4.0,229329,10000000,Free,mature    ,action,2017-12-04
z champions,game,4.7,96028,1000000,Free,teen,arcade,2018-05-28
withstandz   zombie survival ,game,4.3,121612,1000000,Free,teen,action,2017-12-28
zombie war z   hero survival rules,game,3.9,1987,100000,Free,mature    ,action,2017-12-13
dragon ball z dokkan battle,game,4.1,650114,10000000,Free,teen,action,2018-07-03
cube z  pixel zombies ,game,4.2,41444,1000000,Free,teen,action,2016-07-31
galak z  variant mobile,game,3.9,145,10000,Free,everyone,action,2018-07-30
reload  the z team,game,4.3,1655,100000,Free,everyone    ,action,2018-02-28
rage z  multiplayer zombie fps online shooter,game,4.1,11258,500000,Free,mature    ,action,2016-12-08
pixel z gunner  d   battle survival fps,game,4.2,11408,1000000,Free,teen,action,2018-07-06
saiyan z  super ssj ultimate combat,game,4.4,306,10000,Free,everyone,adventure,2018-04-18
mini dayz  zombie survival,game,4.1,94661,1000000,Free,teen,action,2018-06-08
zombie avengers  dreamsky stickman war z,game,4.3,13604,1000000,Paid,teen,action,2018-06-26
route z,game,3.9,24697,500000,Free,teen,action,2015-07-10
dragon x adventure  warrior z,game,4.3,8537,100000,Free,everyone    ,action,2015-11-03
ultimate fighter z,game,4.3,180,5000,Free,everyone,action,2018-07-16
angry birds rio,game,4.4,2610328,100000000,Free,everyone,arcade,2018-07-03
angry birds friends,game,4.2,829753,50000000,Free,everyone,arcade,2018-06-19
angry birds go ,game,4.2,3846378,50000000,Free,everyone,racing,2018-05-30
angry birds star wars,game,4.3,1218055,100000000,Free,everyone,arcade,2018-05-25
assassin s creed identity,game,3.7,42529,500000,Paid,teen,action,2016-11-23
onscripter plus  ad free ,game,4.5,100,1000,Paid,everyone,adventure,2016-04-07
solitaire  decked out ad free,game,4.9,37302,500000,Free,everyone,card,2017-05-08
ae jewels    island adventures,game,4.2,652,10000,Free,everyone,action,2016-02-24
ae bingo  offline bingo games,game,4.4,61746,500000,Free,teen,casino,2016-09-30
ae jewels,game,4.2,960,50000,Free,everyone,action,2015-08-20
ae spider solitaire,game,4.5,17263,500000,Free,everyone,card,2017-06-07
ae coin mania   arcade fun,game,4.3,30002,1000000,Free,teen,casino,2018-02-08
mupen   ae free  n   emulator ,game,4.0,41759,1000000,Free,everyone,arcade,2014-01-19
mupen  plus ae  n   emulator ,game,4.2,4569,100000,Paid,everyone,arcade,2014-01-19
ae lucky fishing,game,4.3,18277,1000000,Free,teen,arcade,2016-03-14
ae video poker,game,4.0,721,50000,Free,teen,casino,2015-12-31
ae solitaire,game,4.3,1776,50000,Free,everyone,card,2018-01-04
ae blackjack,game,4.0,1417,100000,Free,teen,card,2015-11-27
ae gun ball  arcade ball games,game,3.7,8581,1000000,Free,everyone,arcade,2013-12-13
ae  d motor  racing games free,game,4.2,74902,5000000,Free,everyone,racing,2016-08-26
ae gto racing,game,3.9,6988,100000,Free,everyone    ,racing,2015-09-24
ae  d moto  ,game,3.9,2588,100000,Free,everyone    ,racing,2014-12-31
ae freecell,game,4.2,358,10000,Free,everyone,card,2014-11-06
ae city jump,game,4.5,804,10000,Free,everyone,action,2018-07-18
ae angry chef,game,4.1,533,10000,Free,everyone    ,action,2014-01-24
ae master moto,game,4.0,17876,1000000,Free,everyone,racing,2015-12-10
ae fishing hunter,game,4.4,14,1000,Free,everyone,adventure,2016-03-15
gun strike shoot,game,4.1,94761,10000000,Free,teen,action,2017-02-21
ag drive  d,game,3.8,164,10000,Free,everyone,adventure,2015-03-20
vr ag racing for cardboard,game,3.4,13,1000,Free,everyone,racing,2016-09-29
ah   viper cobra ops   helicopter flight simulator,game,3.8,1088,100000,Free,teen,action,2018-02-16
ah  coins,game,3.4,256,50000,Free,everyone,action,2016-12-08
aj jump  animal jam kangaroos ,game,4.4,2975,50000,Paid,everyone,arcade,2016-03-07
baby game animal jam free,game,2.8,9,500,Free,everyone,board,2017-03-24
blackjack aj poker,game,3.8,8,1000,Free,teen,card,2016-10-19
puppy shooting an ak     platformer zombie game,game,4.8,21,1000,Free,everyone,arcade,2018-03-30
crisis action       no   fps,game,4.3,807226,10000000,Free,teen,action,2018-07-11
ak     d,game,3.7,91,10000,Free,everyone,action,2016-12-25
ak    assult rifle  gun shooting simulator game,game,0.0,1,500,Free,everyone,action,2018-05-17
counter terrorist attack,game,3.9,145931,10000000,Free,teen,action,2018-05-31
rules of survival,game,4.2,1343106,10000000,Free,teen,action,2018-08-01
ak blackjack,game,0.0,4,1000,Free,teen,card,2018-07-30
gun zombie,game,4.4,243121,5000000,Free,teen,arcade,2014-10-17
shoot strike war fire,game,4.1,82827,10000000,Free,teen,arcade,2018-07-13
i am innocent,game,4.4,208501,1000000,Free,teen,adventure,2018-07-23
i am bread,game,4.0,630,10000,Paid,everyone,adventure,2016-10-26
what am i    brain teasers,game,4.2,4537,100000,Free,everyone,education,2017-04-05
who am i   biblical ,game,4.5,5849,500000,Free,everyone,education,2017-09-13
vikings  an archer s journey,game,4.5,10256,1000000,Free,everyone,action,2017-12-11
draw a stickman  epic free,game,4.2,210317,10000000,Free,everyone    ,adventure,2015-04-10
the king of fighters a      f ,game,4.4,406511,5000000,Free,teen,action,2016-10-21
fast like a fox,game,4.3,104389,5000000,Free,everyone,adventure,2018-04-17
ao oni ,game,4.1,21223,1000000,Free,teen,adventure,2018-04-20
arena of valor   v  arena game,game,4.4,438911,10000000,Free,teen,action,2018-06-28
mobile legends  bang bang,game,4.4,8219586,100000000,Free,teen,action,2018-07-24
kill shot bravo  sniper fps,game,4.4,579519,10000000,Free,mature    ,action,2018-07-18
carnivores  dinosaur hunter,game,4.2,62636,1000000,Free,teen,action,2018-07-02
hopeless land  fight for survival,game,4.2,250197,5000000,Free,teen,action,2018-07-12
heroes arena,game,4.2,336386,10000000,Free,everyone    ,action,2018-07-24
dino hunter  deadly shores,game,4.4,1381624,10000000,Free,teen,action,2017-03-14
undead assault,game,4.3,4704,100000,Free,everyone    ,arcade,2015-11-04
guess the class   aqw,game,4.7,57,1000,Free,everyone,education,2017-11-01
iron blade,game,4.4,161637,10000000,Free,mature    ,action,2018-07-18
evil apples  a dirty card game,game,4.3,137696,5000000,Free,mature    ,education,2018-07-19
ghost snap ar horror survival,game,3.8,898,100000,Free,teen,adventure,2016-12-21
the walking dead  our world,game,4.0,22435,1000000,Free,teen,action,2018-08-01
ingress,game,4.3,391325,10000000,Free,everyone,adventure,2018-06-20
flat pack,game,4.4,862,100000,Free,everyone    ,action,2018-03-16
crayola color blaster,game,3.8,17,1000,Free,everyone,arcade,2018-03-13
guns of boom   online shooter,game,4.6,1226514,10000000,Free,teen,action,2018-07-20
guns royale   multiplayer blocky battle royale,game,4.6,19070,100000,Free,everyone    ,action,2018-08-04
stack it ar,game,3.8,1363,100000,Free,everyone,arcade,2018-06-29
nightenfell  shared ar,game,4.5,20,1000,Paid,everyone    ,action,2018-03-27
arcraft   ar sandbox,game,3.8,469,10000,Free,everyone,adventure,2017-05-19
ar tank battle,game,3.6,153,10000,Free,everyone,action,2016-12-31
sonic the hedgehog  classic,game,4.4,125652,10000000,Free,everyone,action,2018-06-18
pacific navy fighter c e   as ,game,4.3,11379,500000,Free,everyone    ,arcade,2018-07-29
my oldboy  free   gbc emulator,game,4.2,51787,5000000,Free,everyone,arcade,2018-01-12
my boy  free   gba emulator,game,4.3,531074,10000000,Free,everyone,arcade,2018-01-09
samurai vs zombies defense,game,4.5,407788,5000000,Free,everyone,action,2013-07-18
five nights at freddy s   demo,game,4.4,889425,10000000,Free,teen,action,2015-07-26
five nights at freddy s   demo,game,4.5,1041836,10000000,Free,teen,action,2015-04-02
nights at cube pizzeria  d    ,game,4.0,47151,5000000,Free,everyone    ,action,2017-12-26
rivals at war  firefight,game,4.4,344819,5000000,Free,teen,action,2016-10-18
five nights at freddy s,game,4.6,100805,1000000,Paid,teen,action,2014-12-02
  nights at pixel pizzeria    ,game,4.0,23168,1000000,Free,teen,adventure,2018-07-09
nights at slender pizzeria  d,game,4.1,2628,100000,Free,teen,adventure,2017-05-22
one night at golden freddy s,game,3.3,2717,100000,Free,teen,action,2017-12-07
nights at cube pizzeria  d    ,game,4.1,7728,500000,Free,teen,adventure,2018-07-17
five nights at neighbor house,game,4.2,2180,100000,Free,everyone    ,action,2018-01-26
asylum night shift   five nights survival,game,4.0,59223,5000000,Free,teen,action,2018-06-26
five nights at freddy s  sl,game,4.5,16162,100000,Paid,teen,action,2017-04-06
two nights at jumpscare,game,3.8,596,100000,Free,teen,adventure,2017-08-17
five nights at pizzeria,game,3.5,1976,100000,Free,teen,action,2018-03-03
block battles  heroes at war   multiplayer pvp,game,4.3,6698,500000,Free,everyone    ,action,2016-05-14
five nights at freddy s  ,game,4.6,21266,100000,Paid,teen,action,2015-07-26
five nights at flappy s,game,4.7,4041,10000,Free,everyone,arcade,2017-06-27
  nights at cube pizzeria city,game,3.8,2691,100000,Free,teen,adventure,2017-02-22
five nights at freddy s  ,game,4.7,27856,100000,Paid,teen,action,2015-04-02
au mobile  audition ch nh hi u,game,3.9,85278,1000000,Free,mature    ,music,2018-07-17
au mobile indonesia,game,3.6,16521,1000000,Free,everyone,music,2018-05-09
super dancer,game,4.1,91667,1000000,Free,everyone,arcade,2018-07-24
au allstar for kr,game,3.6,2433,100000,Free,everyone,music,2018-06-15
super dancer vn,game,4.0,24312,500000,Free,everyone,music,2018-07-22
love dance,game,4.0,29462,1000000,Free,teen,music,2018-06-14
avatar musik,game,3.8,159063,1000000,Free,everyone,music,2018-02-09
deer hunter     ,game,4.3,955614,10000000,Free,teen,action,2018-06-26
armored warfare  assault,game,4.0,7718,100000,Free,everyone,action,2018-08-02
auction wars   storage king,game,4.1,29062,1000000,Free,everyone,casino,2017-09-15
isniper  d arctic warfare,game,3.8,35572,1000000,Free,teen,arcade,2013-09-04
modern action commando  d,game,4.2,492,100000,Free,teen,action,2017-04-06
call of duty   heroes,game,4.4,1604146,10000000,Free,teen,action,2018-06-27
axe io   brutal survival battleground,game,4.2,3845,500000,Free,everyone    ,arcade,2018-08-03
axe champ,game,3.8,141,10000,Free,everyone,arcade,2018-05-26
axe champ hit,game,0.0,1,100,Free,everyone,arcade,2018-05-25
axe champion,game,4.4,21,5000,Free,everyone,arcade,2018-05-28
vikings stickman axe fighting,game,4.2,924,100000,Free,everyone,arcade,2017-10-21
axetatic   axe throwing game,game,4.6,29,1000,Free,everyone    ,arcade,2017-10-22
axe champs  wars,game,5.0,8,50,Free,everyone,arcade,2018-06-26
axe knight,game,4.5,52,5000,Free,everyone,action,2018-06-26
the vikings,game,4.4,15806,1000000,Free,teen,arcade,2018-06-06
knife axe throwing,game,3.1,440,50000,Free,everyone,arcade,2012-11-26
stickman and axe,game,4.4,69,50000,Free,teen,action,2017-11-25
axe throw  flip champ axes champion throwing games,game,0.0,1,50,Free,everyone,arcade,2018-05-31
axe man,game,3.7,53,1000,Free,everyone,adventure,2015-02-23
dead zombie evil killer axe,game,3.9,71,10000,Free,teen,action,2016-12-01
zlax io zombs luv ax,game,4.6,6344,500000,Free,everyone,action,2018-04-04
clash of axe  flippy lumberjack action x,game,4.3,6,1000,Free,everyone,action,2017-09-14
flippy axe   flip the knife   axe simulator,game,5.0,7,100,Free,everyone,arcade,2017-09-27
cyborg ax    ,game,0.0,0,50,Free,everyone    ,action,2018-06-25
woodman deluxe,game,4.0,82,5000,Free,everyone,action,2015-07-06
 ay metro ,game,3.8,489,10000,Free,everyone    ,arcade,2015-03-17
yakala ay,game,0.0,0,1,Paid,everyone,arcade,2018-07-07
ay vamos   pj  balvin   piano,game,0.0,0,5,Free,everyone,arcade,2018-07-09
san andreas crime stories,game,4.0,162530,10000000,Free,mature    ,racing,2018-07-02
miami crime simulator,game,4.0,254518,10000000,Free,mature    ,action,2018-07-09
strange hero  future battle,game,4.2,88901,10000000,Free,teen,action,2018-05-24
mad day   truck distance game,game,4.3,29270,5000000,Free,everyone,action,2018-07-25
az rockets,game,4.2,162,10000,Free,everyone,arcade,2018-05-25
ra ga ba,game,5.0,2,1,Paid,everyone,arcade,2017-02-08
ba cristi,game,3.5,196,10000,Free,everyone,adventure,2016-03-22
banana kong,game,4.4,3452530,100000000,Free,everyone,action,2018-02-07
space shooter   galaxy attack,game,4.6,169661,10000000,Free,everyone,arcade,2018-08-01
bc slots   the lost reels free,game,4.0,209,10000,Free,teen,casino,2018-07-13
millionaire   who want to be ,game,4.4,4396,100000,Free,everyone,education,2017-04-12
bowmasters,game,4.7,1535581,50000000,Free,teen,action,2018-07-23
beauty idol  fashion queen,game,4.3,128367,1000000,Free,everyone,arcade,2017-10-27
hard time  prison sim ,game,4.3,275843,10000000,Free,teen,adventure,2018-07-19
battlefield  companion,game,4.0,263907,10000000,Free,everyone    ,action,2016-11-01
wolf of the bf commando mobile,game,3.4,32,1000,Paid,everyone    ,arcade,2017-03-23
bf at sea refueled,game,4.4,1849,10000,Free,everyone,board,2015-10-20
bullet force,game,4.5,634159,10000000,Free,teen,action,2018-06-21
bf combat  genesis,game,4.0,3322,100000,Free,mature    ,action,2017-03-02
combat bf  black ops  ,game,4.2,7699,500000,Free,mature    ,action,2017-03-02
bf frontline city,game,4.1,29798,1000000,Free,mature    ,action,2017-03-06
faketalk   chatbot,game,4.2,63056,1000000,Free,teen,education,2018-07-03
block gun  d  call of destiny,game,3.7,31883,1000000,Free,teen,action,2017-03-23
blood   glory  immortals,game,4.3,101762,1000000,Free,teen,action,2015-06-11
shadow fight   special edition,game,4.5,10440,50000,Paid,teen,action,2018-05-30
block gun  d  ghost ops,game,3.9,142693,5000000,Free,teen,action,2018-06-07
backgammon nj for android,game,4.4,1644,10000,Paid,everyone,board,2017-04-05
rento   dice board game online,game,4.3,205830,10000000,Free,everyone,board,2018-06-20
survival run with bear grylls,game,4.2,128579,5000000,Free,everyone,action,2018-05-06
vip backgammon free   play backgammon online,game,4.1,389,10000,Free,teen,board,2018-07-03
out of bounds bh demo,game,0.0,3,10,Free,everyone,action,2015-11-19
bi tank ads free,game,0.0,0,1,Paid,everyone,arcade,2017-07-31
bi tank,game,4.6,12,50,Free,everyone,arcade,2017-07-31
bike rivals,game,4.2,212067,10000000,Free,everyone,racing,2015-07-15
bingo party   free bingo games,game,4.7,155694,1000000,Free,teen,board,2018-07-13
bj s bingo   gaming casino,game,4.5,501,10000,Free,teen,casino,2018-07-26
bj bridge pro     ,game,4.4,17,500,Paid,everyone,card,2018-05-21
bj bridge free       ,game,3.9,20,10000,Free,everyone,card,2018-05-21
bj bridge acol beginner     ,game,3.7,11,5000,Free,everyone,card,2018-05-21
bj bridge standard american     ,game,1.0,1,1000,Free,everyone,card,2018-05-21
bj strategy tester,game,0.0,1,100,Free,everyone,casino,2015-05-19
cards casino video poker   bj,game,4.7,325,10000,Free,teen,casino,2015-05-08
real casino slot keno bj poker,game,4.1,341,50000,Free,teen,casino,2016-08-12
basic strategy training bj   ,game,0.0,0,500,Free,teen,casino,2016-03-07
bj card game blackjack,game,0.0,3,500,Free,teen,card,2016-12-02
blackjack ,game,4.4,524467,10000000,Free,teen,casino,2016-07-07
blackjack verite drills,game,4.6,17,100,Paid,teen,casino,2017-07-09
blackjack,game,4.3,52199,1000000,Free,teen,casino,2017-05-18
blackjack     casino card game,game,4.7,2066,100000,Free,teen,casino,2018-03-14
blackjack    pro,game,4.5,26744,500000,Free,teen,casino,2018-07-27
ultimate blackjack  d free,game,4.1,1686,100000,Free,teen,casino,2015-04-20
blood domination   bl game,game,4.5,415,10000,Free,mature    ,adventure,2018-07-06
heirs   graces,game,4.3,125,5000,Free,teen,adventure,2016-07-01
secondsecret        bl       ,game,4.4,1563,50000,Free,teen,adventure,2017-06-29
lust in terror manor   the truth unveiled   otome,game,4.1,355,10000,Free,teen,adventure,2018-07-10
mega man mobile,game,4.0,267,10000,Paid,everyone,action,2017-02-17
bl tz   endless,game,4.7,21,100,Free,everyone,arcade,2017-06-30
bl ed  from blue to red,game,0.0,3,10,Free,everyone,arcade,2016-04-24
teen patti by bl games,game,4.1,496,100000,Free,teen,card,2017-01-31
word hunt,game,4.9,59,500,Free,everyone,education,2018-06-22
new york mysteries  full ,game,4.5,514,5000,Paid,teen,adventure,2018-06-04
the legacy  full ,game,4.6,144,1000,Paid,everyone,adventure,2018-05-15
skip bo ,game,4.4,33661,100000,Paid,everyone,card,2018-08-03
skip bo  free,game,3.5,46801,1000000,Free,everyone,card,2018-08-03
red ball  ,game,4.4,1432447,50000000,Free,everyone,arcade,2017-11-09
skater boy,game,4.3,1167143,100000000,Free,everyone,arcade,2017-09-20
sic bo,game,0.0,1,100,Paid,teen,card,2013-08-27
sic bo online  free casino,game,3.8,488,100000,Free,teen,casino,2016-06-10
hambo,game,4.4,125578,5000000,Free,everyone,action,2015-07-06
sic bo rave,game,3.9,164,10000,Free,teen,card,2013-09-23
thai sic bo,game,4.1,14283,1000000,Free,teen,casino,2017-10-01
bounce classic,game,4.5,38297,10000000,Free,everyone,arcade,2018-07-05
bomber friends,game,4.5,776730,10000000,Free,everyone    ,action,2018-07-26
sic bo  tai xiu    multiplayer casino,game,4.2,152,10000,Free,teen,casino,2018-07-08
hungry shark world,game,4.5,1243017,50000000,Free,teen,action,2018-07-18
bq                ,game,4.7,191,5000,Free,everyone,education,2018-07-31
carros rebaixados br,game,4.3,20691,1000000,Free,everyone,racing,2018-07-31
texas holdem poker deluxe  br ,game,4.5,1418,10000,Free,teen,casino,2018-05-30
brick breaker br,game,5.0,7,5,Free,everyone,arcade,2018-07-23
black commando   special ops   fps shooting,game,4.1,1167,100000,Free,teen,action,2018-05-03
true skateboarding ride skateboard game freestyle,game,3.8,8175,1000000,Free,everyone    ,arcade,2018-01-03
bullshit   free ,game,2.4,45,10000,Free,teen,card,2016-08-26
bullshite ,game,2.8,48,10000,Free,teen,card,2016-04-10
block strike,game,4.5,947515,10000000,Free,teen,action,2018-07-25
bombsquad remote,game,4.1,13304,1000000,Free,everyone,arcade,2016-11-30
bs tractor,game,0.0,3,100,Free,everyone,racing,2017-12-06
bs chopper,game,0.0,0,100,Free,everyone,racing,2017-10-05
b dl bs lite,game,3.8,10,1000,Free,mature    ,education,2016-04-05
kick the buddy,game,3.3,294,10000,Free,everyone,arcade,2018-07-19
bu hangi  nl  ,game,0.0,1,10,Free,everyone,education,2018-06-09
bu nedir  ,game,0.0,0,50,Free,everyone,education,2018-04-15
bu hangi   arki         ,game,0.0,4,100,Free,everyone,education,2018-06-02
bu hangi oyun  ,game,0.0,2,50,Free,everyone,education,2018-03-11
bu hangi youtuber  ,game,0.0,31,1000,Free,everyone,education,2017-08-31
nedir bu  ,game,0.0,0,10,Free,everyone,education,2018-03-18
kick the buddy,game,4.3,1004709,50000000,Free,teen,action,2018-07-05
bu hangi dizi  ,game,0.0,14,1000,Free,everyone,education,2018-05-04
smashy road  arena,game,4.3,45558,5000000,Free,everyone    ,action,2018-05-24
bw go,game,4.8,265,1000,Paid,everyone,board,2015-06-18
bw go free,game,4.6,547,10000,Free,everyone,board,2015-06-18
bw joseki,game,4.7,705,10000,Free,everyone,board,2015-07-28
bw dgs plugin,game,4.5,70,1000,Free,everyone,board,2018-05-13
bw gnugo,game,4.1,64,5000,Free,everyone,board,2013-06-02
bw switch,game,0.0,1,10,Free,everyone,arcade,2018-04-16
c  c  pi casso elysee raci ng,game,0.0,12,1000,Free,everyone,arcade,2017-02-12
driving cars simulator citroen,game,0.0,3,100,Free,everyone,racing,2018-04-05
rc monster truck   offroad driving simulator,game,4.0,38448,5000000,Free,everyone,racing,2018-06-16
super jabber jump,game,4.3,85882,10000000,Free,everyone,arcade,2017-11-07
commando adventure assassin,game,4.0,51067,5000000,Free,teen,action,2018-05-29
roulette advisor lite,game,4.1,41,5000,Free,everyone,casino,2014-08-21
mini motor racing wrt,game,4.2,107497,1000000,Free,everyone,racing,2016-02-02
bmx boy bike stunt rider game,game,3.8,299,10000,Free,everyone,racing,2017-11-10
world of warriors  duel,game,4.3,25952,500000,Free,everyone    ,action,2015-09-07
driving zone,game,4.2,51791,1000000,Free,everyone,racing,2018-06-06
color by number   new coloring book,game,4.7,142308,5000000,Free,everyone    ,board,2018-08-01
car race by fun games for free,game,4.3,54221,1000000,Free,everyone,racing,2013-06-15
slot machines by igg,game,4.6,267229,10000000,Free,teen,casino,2018-05-28
bingo by igg  top bingo slots ,game,4.7,183343,5000000,Free,teen,casino,2018-05-28
voxel    d color by number   pixel coloring book,game,4.7,62561,1000000,Free,everyone,board,2018-07-31
bz zombie vr,game,4.4,12,1000,Free,mature    ,action,2018-02-07
bz fingers,game,4.6,15,50,Free,everyone,arcade,2017-07-05
sniper gun shot  d  impossible missions,game,4.6,20,100,Free,mature    ,action,2018-05-04
elite commando shooting war,game,4.5,14,100,Free,teen,action,2018-06-29
animal hunting  sniper shooting,game,0.0,0,50,Free,teen,action,2018-07-06
creative destruction,game,4.4,201426,5000000,Free,teen,action,2018-08-02
sonic cd classic,game,4.6,26138,1000000,Free,everyone,action,2018-02-14
ark  survival evolved,game,3.8,51523,500000,Free,teen,adventure,2018-08-02
pac man ce dx,game,4.5,1692,10000,Paid,everyone,arcade,2018-04-23
grim tales  the wishes ce,game,4.3,4923,100000,Free,everyone    ,adventure,2015-08-26
crossfire  legends,game,4.3,144040,5000000,Free,teen,action,2018-07-25
special forces group  ,game,4.6,1432809,10000000,Free,mature    ,action,2018-07-29
motocross motorbike simulator offroad,game,3.6,51366,5000000,Free,everyone,racing,2017-06-14
sermon on proverbs ch spurgeon,game,4.8,35,10000,Free,everyone,education,2016-07-29
chicken invaders  ,game,4.2,52390,5000000,Free,everyone,arcade,2018-05-04
trovami se ci riesci,game,5.0,11,10,Free,everyone,arcade,2017-03-11
cj  strike back,game,4.3,29330,1000000,Free,everyone,action,2012-08-17
the grand wars  san andreas,game,3.9,29990,1000000,Free,teen,action,2017-12-08
grand theft auto  san andreas,game,4.4,348962,1000000,Paid,mature    ,action,2015-03-21
the grand way,game,3.9,1995,500000,Free,teen,action,2018-07-03
san andreas city   auto theft car gangster,game,3.9,923,100000,Free,teen,action,2018-07-17
miami crime vice town,game,4.1,154519,10000000,Free,mature    ,action,2017-05-09
cj poker odds calculator,game,4.1,207,50000,Free,everyone,card,2011-01-30
gangster city auto theft,game,4.3,350,50000,Free,everyone,action,2018-07-27
china town auto theft  ,game,4.1,364,50000,Free,everyone    ,action,2018-05-23
grand gangsters  d,game,4.2,401643,10000000,Free,teen,action,2018-07-18
gang wars of san andreas,game,4.1,9898,1000000,Free,mature    ,action,2018-02-15
sin city hero   crime simulator of vegas,game,4.1,3371,100000,Free,teen,action,2017-09-08
zombie death shooter,game,3.8,17372,1000000,Free,mature    ,arcade,2015-08-08
project grand auto town sandbox beta,game,3.7,7885,500000,Free,mature    ,racing,2018-02-09
f ck this game,game,4.6,8,100,Paid,teen,action,2015-07-18
    ck,game,5.0,8,10,Paid,teen,arcade,2018-04-11
contract killer  zombies  nr ,game,4.4,206602,5000000,Free,mature    ,action,2013-07-01
ckz origins,game,4.5,219821,1000000,Free,mature    ,action,2013-10-28
    ck lite,game,4.3,3,10,Free,mature    ,action,2017-09-22
contract killer  zombies,game,4.4,144545,5000000,Free,teen,action,2011-12-01
can knockdown  ,game,4.1,349503,10000000,Free,everyone,arcade,2015-08-26
sky streaker   gumball,game,4.3,37513,5000000,Free,everyone,arcade,2015-12-07
just a regular arcade,game,4.2,40847,1000000,Free,everyone,action,2016-01-08
dreamland arcade   steven universe,game,4.0,6386,500000,Free,everyone,arcade,2017-11-19
adventure time run,game,4.3,24628,1000000,Free,everyone,action,2018-07-26
glitch fixers  powerpuff girls,game,4.4,39698,5000000,Free,everyone,arcade,2016-12-01
stirfry stunts   we bare bears,game,4.5,121533,10000000,Free,everyone,arcade,2016-03-24
angelo rules   crazy day,game,3.9,108336,1000000,Free,everyone,adventure,2016-06-27
adventure time game wizard,game,4.1,4107,50000,Paid,everyone,adventure,2015-07-16
best park in the universe,game,4.3,3904,10000,Paid,everyone    ,action,2014-09-10
multicraft miner exploration,game,4.0,14563,1000000,Free,everyone    ,adventure,2017-12-22
alex   co quiz,game,0.0,9,1000,Free,everyone,education,2018-04-15
them bombs  co op board game play with     friends,game,4.7,8038,100000,Free,teen,board,2018-07-12
chinese chess   xiangqi free  ,game,4.6,963,50000,Free,everyone,board,2017-04-18
chinese chess   co tuong,game,4.2,6947,500000,Free,everyone,board,2017-10-25
call of mini  zombies  ,game,4.4,248417,5000000,Free,teen,arcade,2015-02-10
chinese chess  d online  xiangqi      co tuong ,game,3.5,23,1000,Paid,everyone,board,2017-12-27
  player co op zombie shoot,game,4.2,33,1000,Free,teen,action,2018-07-01
iv go get iv for pokemon ,game,4.6,132282,1000000,Free,everyone,adventure,2018-07-31
cp trivia,game,5.0,5,100,Free,everyone,education,2018-08-06
cq  lost in transmission,game,4.2,4,10,Free,everyone,action,2018-05-13
palavras la cq,game,3.9,783,100000,Free,everyone,education,2014-10-18
gunship modern combat  d,game,4.2,3247,500000,Free,teen,action,2017-07-25
sniper killer shooter,game,4.0,119368,10000000,Free,teen,action,2017-02-21
snowboard racing free fun game,game,3.8,4552,100000,Free,everyone,racing,2016-10-26
toughest game ever  ,game,4.6,293086,5000000,Free,everyone,action,2015-10-22
ride zero,game,4.6,8778,100000,Free,teen,music,2018-01-02
critical strike cs  counter terrorist online fps,game,4.3,22773,1000000,Free,mature    ,action,2018-08-03
assault line cs online fps go,game,4.1,52163,1000000,Free,mature    ,action,2016-07-13
standoff  ,game,4.5,299046,10000000,Free,mature    ,action,2018-07-12
counter online fps game,game,4.2,41089,5000000,Free,teen,action,2018-07-25
combat strike cs   counter terrorist attack fps ,game,4.1,1019,100000,Free,teen,action,2018-07-23
ultimate quiz for cs go   skins   cases   players,game,4.5,2526,100000,Free,everyone,education,2018-02-14
 im training for cs,game,3.6,2328,100000,Free,everyone,action,2014-10-25
sniper traning for cs go,game,3.2,655,50000,Free,teen,action,2016-05-18
your rank cs go,game,4.1,4946,100000,Free,teen,education,2017-07-16
mobile cs go,game,3.1,1015,100000,Free,everyone,action,2015-11-11
counter terrorist gun strike cs  special forces,game,4.2,211,10000,Free,teen,action,2017-08-18
shooter sniper cs   fps games,game,3.5,14823,1000000,Free,teen,action,2017-02-15
cs  client,game,4.3,8668,500000,Free,teen,action,2017-04-01
counter attack   multiplayer fps,game,4.3,112565,1000000,Free,teen,action,2018-07-21
what s your cs go rank ,game,2.3,278,10000,Free,teen,education,2017-02-11
map callouts for cs go,game,4.3,211,50000,Free,everyone,action,2018-01-26
quiz cs go players,game,4.4,460,50000,Free,everyone,education,2018-06-23
puzzle for cs go,game,4.3,247,10000,Free,everyone,education,2016-09-16
ct remote,game,3.3,19,100,Paid,everyone,action,2015-02-10
ct art      chess tactics           elo ,game,4.8,8191,100000,Free,everyone,board,2018-05-22
moto rider,game,4.2,115176,10000000,Free,teen,racing,2018-06-15
shadow fight  ,game,4.6,10981850,100000000,Free,everyone    ,action,2018-07-02
crazy wheels,game,4.0,121082,10000000,Free,teen,adventure,2018-01-17
cartoon wars  blade,game,4.4,165656,5000000,Free,teen,arcade,2018-02-07
racing cx,game,0.0,4,500,Free,everyone,racing,2017-06-06
freecell cy,game,4.0,387,50000,Free,everyone,card,2011-04-16
cytus ii,game,4.7,16851,100000,Paid,everyone    ,music,2018-08-03
cytus,game,4.7,541732,5000000,Free,everyone,music,2018-02-09
shadowverse ccg,game,4.2,47340,1000000,Free,teen,card,2018-07-30
superbikers  ,game,3.9,6200,500000,Free,everyone    ,racing,2018-07-06
dan the man  action platformer,game,4.8,528550,10000000,Free,teen,arcade,2018-07-26
geometry dash subzero,game,4.6,260527,10000000,Free,everyone,arcade,2017-12-21
metal soldiers  ,game,4.4,153649,10000000,Free,teen,action,2018-06-18
quiz true or false,game,4.6,2464,50000,Free,everyone,education,2018-02-13
run sausage run ,game,4.4,276105,10000000,Free,everyone    ,arcade,2018-08-01
knife hit,game,4.5,462614,10000000,Free,everyone,arcade,2018-05-22
the visitor,game,4.1,39895,5000000,Free,mature    ,adventure,2018-01-02
just dance now,game,4.2,794058,10000000,Free,everyone,music,2018-06-12
dragon ball legends,game,4.6,338742,5000000,Free,teen,action,2018-08-03
db ultra saiyan battle,game,4.5,33,1000,Free,everyone    ,action,2018-07-25
injustice  ,game,4.3,504765,5000000,Free,teen,action,2018-07-30
injustice  gods among us,game,4.4,2440877,10000000,Free,teen,action,2018-06-14
ultimate dc challenge,game,4.5,937,10000,Free,everyone,education,2017-10-19
justice league action run,game,4.3,22333,1000000,Free,everyone    ,action,2018-08-07
quiz dc,game,1.4,33,1000,Free,everyone,education,2017-12-25
marvel contest of champions,game,4.3,2468915,50000000,Free,teen,action,2018-07-30
marvel avengers academy,game,4.2,304106,10000000,Free,teen,adventure,2018-08-06
dc universe quiz,game,4.3,11,500,Free,everyone,education,2018-05-22
power rangers  legacy wars,game,4.3,264755,10000000,Free,teen,action,2018-07-17
wdamage  car crash engine,game,3.8,47386,1000000,Free,everyone,racing,2018-06-06
word search multilingual,game,4.2,32849,1000000,Free,everyone,education,2015-09-30
piano free   keyboard with magic tiles music games,game,4.5,785622,50000000,Free,everyone,music,2018-06-29
racing in car  ,game,4.3,234589,50000000,Free,everyone,racing,2016-11-22
bike racing  d,game,4.2,951435,50000000,Free,everyone,racing,2018-01-17
truck driver cargo,game,4.1,257531,10000000,Free,everyone    ,racing,2018-01-18
checkers,game,4.5,375996,10000000,Free,everyone,board,2018-08-06
scratch logo quiz  challenging brain puzzle,game,3.3,152102,10000000,Free,teen,education,2018-06-30
df squid,game,0.0,1,100,Free,everyone,board,2013-12-12
dg mobile,game,4.3,59,1000,Free,everyone,board,2017-04-08
destroy gunners  ,game,4.4,10786,1000000,Free,everyone,arcade,2017-01-14
dh texas poker   texas hold em,game,4.4,562345,10000000,Free,teen,casino,2018-07-23
deer hunter classic,game,4.4,3941129,50000000,Free,teen,action,2018-07-16
deer hunter reloaded,game,4.3,314774,5000000,Free,teen,action,2013-09-16
dh pineapple poker ofc,game,4.2,1878,100000,Free,teen,casino,2017-11-09
call of mini  dino hunter,game,4.2,326042,10000000,Free,teen,action,2014-06-06
bike mayhem free,game,4.3,331692,10000000,Free,everyone,racing,2018-03-27
car crash iii beam dh real damage simulator     ,game,3.6,151,10000,Free,everyone,racing,2018-05-20
deer hunter challenge,game,3.7,38767,5000000,Free,everyone    ,action,2011-04-11
defender,game,4.6,152395,10000000,Free,everyone    ,action,2016-07-22
texas holdem poker deluxe,game,4.5,396090,10000000,Free,teen,casino,2018-05-30
deck heroes  legacy,game,4.7,466495,10000000,Free,teen,card,2018-07-16
shred  downhill mountainbiking,game,3.9,41683,1000000,Free,everyone,arcade,2017-02-02
archery physics objects destruction apple shooter,game,4.5,6026,100000,Free,teen,action,2018-07-07
fancy pants adventures,game,4.7,55952,1000000,Free,everyone    ,arcade,2017-07-13
lep s world      ,game,4.3,771001,50000000,Free,everyone    ,action,2018-06-11
robbery bob,game,4.5,617732,10000000,Free,everyone    ,action,2018-07-29
nyan cat  lost in space,game,4.5,371318,10000000,Free,everyone    ,arcade,2018-06-08
dk quiz,game,4.4,1628,50000,Free,everyone,education,2014-04-10
super dk vs kong brother advanced free classic,game,3.8,66,10000,Free,everyone,arcade,2018-07-17
dm evolution,game,2.5,450,10000,Free,everyone,card,2018-07-23
dm adventure,game,0.0,0,10,Free,everyone,adventure,2018-06-18
destiny ninja shall we date otome games love story,game,4.4,13079,500000,Free,everyone    ,adventure,2018-04-20
free poker games   downtown casino   texas holdem,game,4.5,2032,50000,Free,teen,card,2018-06-05
naruto x boruto ninja voltage,game,4.4,267395,5000000,Free,everyone    ,action,2018-07-19
does not commute,game,4.0,154108,5000000,Free,everyone,racing,2015-10-13
kung fu do fighting,game,4.0,271214,10000000,Free,teen,arcade,2018-07-25
how well do you know me ,game,3.9,1290,100000,Free,everyone,education,2018-07-26
dude perfect  ,game,4.5,401648,10000000,Free,everyone,action,2017-04-12
endless ducker,game,4.5,8193,500000,Free,everyone,arcade,2016-09-16
that s lit,game,4.7,1115,100000,Free,everyone,arcade,2017-07-07
dash quest heroes,game,4.3,8432,500000,Free,everyone    ,adventure,2018-07-16
jungle book the great escape,game,3.9,2362,100000,Free,everyone,action,2013-07-17
bunny skater,game,4.2,139432,10000000,Free,everyone,adventure,2013-11-20
the walking zombie  dead city,game,4.6,58575,1000000,Free,teen,action,2018-02-21
dr  parking  ,game,4.4,475369,50000000,Free,everyone,racing,2018-03-06
dr  driving  ,game,4.6,358633,10000000,Free,everyone,racing,2018-05-03
dr  parker   parking simulator,game,4.5,14253,1000000,Free,everyone,racing,2018-01-18
dr  parker   real car parking simulation,game,4.6,15829,1000000,Free,everyone,racing,2018-07-24
dr  rocket,game,4.0,42182,1000000,Free,everyone,arcade,2018-01-06
dr  dominoes,game,4.0,2700,500000,Free,everyone,board,2018-01-03
dr  gomoku,game,3.9,85317,5000000,Free,everyone,board,2018-01-15
dr  chess,game,4.1,97209,1000000,Free,everyone,board,2018-01-14
dr dre   beatmaker,game,4.3,146,10000,Free,mature    ,music,2018-02-28
dr  splorchy presents space heroes,game,4.6,18,100,Paid,mature    ,adventure,2018-07-23
dr driving racer,game,4.3,183,10000,Free,everyone,racing,2018-06-14
dr  shogi,game,3.3,19291,1000000,Free,everyone,board,2018-01-02
drastic ds emulator,game,4.6,87766,1000000,Paid,everyone,action,2016-07-19
nds emulator   for android  ,game,4.1,14002,1000000,Free,everyone,arcade,2018-07-26
free ds emulator,game,4.1,22896,1000000,Free,everyone,arcade,2018-07-26
nds droid,game,3.4,107778,10000000,Free,everyone,arcade,2016-02-12
megands  nds emulator ,game,3.4,2218,500000,Free,everyone,arcade,2017-10-18
emubox   fast retro emulator,game,3.9,1576,50000,Free,everyone,arcade,2018-08-05
simple x ds emulator   beta,game,0.0,0,50000,Free,everyone,arcade,2018-06-13
ds tower defence,game,3.2,768,100000,Free,everyone,arcade,2013-06-05
retroarch,game,3.8,21423,1000000,Free,everyone,action,2018-05-04
riptide gp  renegade,game,4.7,4328,100000,Paid,everyone    ,racing,2018-06-01
wheelie challenge,game,4.6,137338,5000000,Free,everyone,racing,2018-07-13
dirt trackin sprint cars,game,3.8,499,10000,Paid,everyone,racing,2018-05-10
sword of chaos   lame du chaos,game,4.5,23599,100000,Free,teen,action,2018-06-01
hotel insanity,game,4.2,3816,100000,Free,teen,arcade,2016-07-07
retro city rampage dx,game,4.7,416,10000,Paid,teen,action,2017-01-12
shoot  dx   lights for free,game,0.0,4,100,Free,everyone,action,2018-06-23
santa s monster shootout dx,game,5.0,4,50,Paid,teen,action,2013-08-15
american sniper city fight shooting assassin,game,4.1,395,50000,Free,teen,action,2017-11-24
street skater  d,game,3.6,120852,10000000,Free,teen,action,2017-10-24
dz joker,game,0.0,6,100,Free,everyone,arcade,2017-05-04
super ball dz,game,0.0,24,1000,Free,teen,action,2017-09-21
ludo dz,game,4.5,17,500,Free,everyone,board,2017-08-27
need for speed  no limits,game,4.4,3344300,50000000,Free,everyone    ,racing,2018-07-24
lost journey  dreamsky ,game,4.5,32344,1000000,Paid,everyone,adventure,2016-10-21
peggle blast,game,4.1,166251,5000000,Free,everyone,card,2017-12-11
heroes of dragon age,game,4.2,70389,1000000,Free,teen,action,2018-05-09
scrabble,game,3.9,172281,5000000,Free,everyone,education,2018-08-01
asphalt xtreme  rally racing,game,4.5,567984,10000000,Free,everyone,racing,2018-07-16
league of stickman       ninja arena pvp dreamsky ,game,4.4,32496,1000000,Paid,teen,action,2018-07-03
modern combat    esports fps,game,4.3,2903386,100000000,Free,mature    ,action,2018-07-24
mass effect  andromeda apex hq,game,3.4,4490,100000,Free,everyone    ,action,2017-09-21
mirror s edge  companion,game,3.4,1995,100000,Free,everyone,action,2016-06-28
stickman legends  shadow wars,game,4.4,38419,1000000,Paid,everyone    ,action,2018-08-03
gear club   true racing,game,4.4,140658,1000000,Free,everyone,racing,2018-08-01
mental hospital eb   lite,game,4.1,5341,100000,Free,teen,action,2014-04-30
ec mover,game,5.0,5,10,Free,everyone,racing,2018-08-01
ef jumper,game,0.0,4,100,Free,everyone,arcade,2017-07-13
e g  chess free,game,4.0,505,10000,Free,everyone,board,2014-12-06
e g  chess,game,4.3,56,1000,Paid,everyone,board,2014-12-06
l a  crime stories   mad city crime,game,4.2,3946,100000,Free,teen,racing,2017-03-30
la stories   new order sandbox     ,game,4.2,17453,1000000,Free,mature    ,racing,2018-06-01
l a  crime stories mad city crime,game,4.0,30008,1000000,Free,mature    ,racing,2017-03-30
miraculous ladybug   cat noir   the official game,game,4.5,185382,10000000,Free,everyone,action,2018-07-30
betul ke bohong eh ,game,4.2,601,100000,Free,everyone,education,2015-04-03
eh amego ,game,3.8,13388,500000,Free,everyone,arcade,2015-08-24
mazemilitia classic multiplayer shooting game,game,4.4,1294,50000,Free,mature    ,action,2018-03-08
zombie ripper,game,3.7,16073,500000,Free,mature    ,action,2017-11-14
horror hospital,game,3.7,63986,1000000,Free,teen,action,2017-10-10
mad skills motocross,game,4.0,32522,1000000,Free,everyone,racing,2016-01-25
pineapple pen,game,4.3,157264,10000000,Free,everyone,arcade,2016-12-30
guess the emoji,game,4.5,76627,5000000,Free,everyone,education,2018-07-03
camping rv caravan parking  d,game,3.3,5290,500000,Free,everyone,racing,2014-12-18
grand bat superhero flying assault rescue mission,game,4.4,1094,500000,Free,teen,action,2018-07-09
zombie frontier,game,4.2,326689,10000000,Free,teen,action,2018-05-30
run jump run fun games for free,game,4.4,661,100000,Free,everyone,action,2018-04-20
tamago egg,game,3.0,49,5000,Free,everyone,education,2017-10-31
let s poke the egg,game,3.4,9051,1000000,Free,everyone,arcade,2017-02-04
survival  prison escape,game,4.0,127810,10000000,Free,mature    ,action,2018-08-01
tamago monsters returns,game,4.1,104583,1000000,Free,everyone,arcade,2016-08-18
traffic sniper counter attack,game,4.3,5339,1000000,Free,teen,action,2017-12-05
rope superhero unlimited,game,4.4,6735,1000000,Free,mature    ,action,2017-05-10
extreme super car driving  d,game,3.9,23104,1000000,Free,everyone,racing,2015-08-05
fast racing car simulator,game,3.8,8482,1000000,Free,everyone,racing,2015-08-10
beach head shooting assault,game,3.8,555,100000,Free,teen,action,2018-03-02
stickman warriors heroes  ,game,4.4,13714,1000000,Free,everyone    ,action,2017-04-15
dead target zombie shooting us sniper killer squad,game,4.3,240,50000,Free,teen,action,2017-10-03
dubai racing,game,4.2,16237,500000,Free,everyone,racing,2015-12-23
wizard card game,game,4.0,48,1000,Paid,everyone,card,2014-12-15
robot fighting games    real boxing champions  d,game,4.4,30,5000,Free,everyone,action,2018-07-02
ghost hunting camera,game,3.5,3048,500000,Free,teen,action,2017-03-06
santa panda bubble christmas,game,4.1,101,10000,Free,everyone,arcade,2017-03-14
racing moto,game,4.3,697805,50000000,Free,everyone,racing,2018-07-03
train racing games  d   player,game,4.3,192374,10000000,Free,everyone,racing,2018-01-09
adivina el cantante de trap y reggaeton,game,4.5,1914,100000,Free,everyone,education,2018-06-29
fernanfloo,game,4.8,526595,10000000,Free,everyone    ,arcade,2018-06-26
adivina el emoji,game,0.0,2536,100000,Free,everyone,education,2016-10-02
the game of life,game,4.4,18652,100000,Paid,everyone,board,2018-07-04
red hands     player games,game,4.2,93608,10000000,Free,everyone,action,2018-02-09
get  em,game,4.1,7904,500000,Free,everyone    ,action,2016-10-26
live hold em pro poker   free casino games,game,4.6,1123190,10000000,Free,teen,card,2018-08-07
beach shoot em up  head hunter,game,4.4,1218,500000,Free,everyone    ,action,2018-03-06
stick  em up   starter edition,game,3.8,2102,100000,Free,everyone    ,action,2015-09-11
shoot em down  shooting game,game,3.9,7972,500000,Free,teen,action,2017-08-12
texas hold em poker     social,game,3.5,4416,500000,Free,teen,casino,2017-01-18
playtexas hold em poker free,game,3.8,3543,1000000,Free,teen,card,2018-03-10
hawk   force of an arcade shooter  shoot  em up,game,4.6,190274,5000000,Free,everyone,arcade,2018-07-09
texas hold em poker,game,3.6,12846,1000000,Free,teen,casino,2017-12-29
poker equity calculator pro for no limit hold em,game,4.0,21,5000,Paid,everyone,card,2017-09-10
poker live   d texas hold em,game,4.3,6143,100000,Free,teen,casino,2018-07-25
fun texas hold em poker,game,4.5,32831,500000,Free,teen,casino,2017-05-12
dragonplay  poker texas holdem,game,4.5,197979,1000000,Free,teen,card,2018-08-07
punch em,game,4.1,2208,500000,Free,everyone,arcade,2018-05-24
zynga poker   texas holdem,game,4.4,1986068,50000000,Free,teen,casino,2018-07-25
boyaa poker  en    social texas hold em,game,4.3,71468,1000000,Free,teen,card,2018-06-12
world series of poker   wsop free texas holdem,game,4.5,910051,10000000,Free,teen,card,2018-08-02
texas holdem poker pro,game,4.5,114479,5000000,Free,teen,card,2017-12-20
rage fight of streets   beat em up game,game,4.3,1489,100000,Free,teen,action,2018-05-13
hangame casino   baccarat   texas hold em,game,4.1,8608,500000,Free,teen,casino,2018-05-17
pokerstars play  free texas holdem poker game,game,4.6,14989,500000,Free,teen,card,2018-07-06
texas holdem poker,game,4.0,127831,10000000,Free,teen,card,2017-12-20
big fish casino   play slots   vegas games,game,4.4,382100,10000000,Free,teen,casino,2018-07-11
transformers  forged to fight,game,4.6,291941,10000000,Free,everyone    ,action,2018-07-27
texas holdem   omaha poker  pokerist,game,4.3,187200,10000000,Free,teen,card,2018-07-31
governor of poker     offline poker game,game,4.3,246538,5000000,Free,teen,card,2018-03-06
squadron   bullet hell shooter,game,4.2,177542,10000000,Free,everyone,arcade,2016-05-02
words with friends   play free,game,4.3,711719,10000000,Free,everyone,education,2018-07-11
classic words solo,game,4.4,135739,5000000,Free,everyone,education,2018-08-07
chess free,game,4.5,1375988,50000000,Free,everyone,board,2018-06-07
sports car driving simulator     ,game,4.3,2178,500000,Free,everyone,racing,2018-03-28
the great wobo escape ep   ,game,4.2,5449,500000,Free,everyone    ,action,2016-09-13
the visitor  ep     sleepover slaughter,game,4.3,5731,1000000,Free,mature    ,adventure,2018-01-02
superbrothers sword   sworcery,game,4.4,11023,100000,Paid,teen,adventure,2018-01-26
the visitor  ep     kitty cat carnage,game,4.4,3017,500000,Free,mature    ,adventure,2018-01-02
dr slender ep   guide  eng ,game,4.0,454,10000,Free,teen,arcade,2014-12-02
decay  the mare   ep    trial ,game,3.6,5291,100000,Free,teen,adventure,2014-05-24
ep gem hunter,game,4.6,79,1000,Free,everyone    ,action,2016-01-17
gate of death ep   ,game,4.4,7,100,Free,everyone,adventure,2016-10-07
sonic    episode i,game,3.7,8014,100000,Paid,everyone,arcade,2016-04-04
oggy,game,4.5,49971,5000000,Free,everyone,arcade,2017-08-29
invasion  defend eu,game,0.0,7,50,Free,everyone,arcade,2017-12-08
r eu ready,game,4.1,13,500,Free,everyone,education,2016-03-02
speed racing ultimate  ,game,4.1,66894,1000000,Free,everyone    ,racing,2018-07-21
countries of the european union  quiz ,game,0.0,11,100,Free,everyone,education,2018-02-03
i know stuff,game,4.2,214923,5000000,Free,everyone,education,2018-07-31
water surfer racing in moto,game,4.3,2233,1000000,Free,everyone,racing,2018-02-28
ew  the small alien,game,0.0,5,10,Free,everyone,adventure,2017-01-21
rescue robots survival games,game,4.0,27557,5000000,Free,teen,action,2018-07-06
bike race   bike blast rush,game,4.4,83891,10000000,Free,everyone,action,2018-07-19
eternity warriors  ,game,4.6,568391,5000000,Free,teen,action,2014-07-01
an elite warrior ex,game,4.7,15,100,Paid,everyone,adventure,2016-11-21
snes x ex ,game,4.4,70351,5000000,Free,everyone,arcade,2018-03-03
virtual dice ex,game,4.3,40,5000,Free,everyone,board,2016-03-15
eyes   the scary horror game adventure,game,4.4,499483,10000000,Free,teen,adventure,2018-08-02
sudoku master,game,4.4,58387,1000000,Free,everyone,education,2013-12-13
jungle monkey run,game,4.4,54082,10000000,Free,everyone,adventure,2018-07-11
ez mirror match,game,4.4,3344,500000,Free,everyone,arcade,2018-01-03
cny slots   gong xi fa cai    ,game,3.6,33,5000,Free,teen,casino,2017-06-06
golden hoyeah slots   real casino slots,game,4.4,201537,5000000,Free,teen,casino,2018-08-01
fafafa  gold casino  free slot machines,game,4.3,11051,1000000,Free,teen,casino,2018-06-25
heart of vegas  slots   free slot casino games,game,4.5,264282,10000000,Free,teen,casino,2018-07-12
galaxian fc ,game,4.5,2,100,Paid,everyone,arcade,2015-11-13
garena free fire,game,4.5,5534114,100000000,Free,teen,action,2018-08-03
fg spinner,game,0.0,2,10,Free,everyone,board,2018-04-06
brother in wars  gunner city warlords,game,4.3,8649,1000000,Free,teen,action,2018-07-26
angry birds space hd,game,4.5,43645,5000000,Free,everyone,arcade,2018-05-25
police car driver,game,3.8,83671,10000000,Free,everyone    ,racing,2018-05-04
modern sniper strike  best commando action  k  ,game,4.1,164,10000,Free,everyone,action,2017-08-23
moto fighter  d,game,3.9,85410,10000000,Free,everyone    ,racing,2017-09-20
bmx boy,game,4.2,839206,50000000,Free,everyone,racing,2017-09-20
crazy bike attack racing new  motorcycle racing,game,4.2,20364,5000000,Free,everyone,racing,2018-07-12
fields of battle,game,4.1,71476,1000000,Free,everyone    ,action,2018-04-21
family guy the quest for stuff,game,4.0,995002,10000000,Free,mature    ,adventure,2018-07-25
toy attack,game,4.2,3878,500000,Free,everyone,action,2018-04-04
snowmobile parking adventure,game,3.6,12257,1000000,Free,everyone,racing,2016-09-09
zombie sniper  d iii,game,3.9,8122,500000,Free,mature    ,action,2017-02-28
shoot hunter gun killer,game,4.3,320334,50000000,Free,teen,action,2018-08-08
fast motorcycle driver     ,game,4.2,28151,1000000,Free,everyone    ,racing,2016-12-25
forgotten hill  fall,game,4.4,1063,50000,Free,teen,adventure,2017-10-30
forgotten hill mementoes,game,4.6,2027,100000,Free,teen,adventure,2018-03-19
forgotten hill  surgery,game,4.5,2431,100000,Free,teen,adventure,2017-11-03
forgotten hill  puppeteer,game,4.5,2917,100000,Free,teen,adventure,2017-10-30
fj final join   circles game,game,4.7,32,1000,Free,teen,arcade,2018-07-11
offroad drive    x  driving game,game,3.5,2071,100000,Free,everyone,racing,2018-06-29
rope hero  vice town,game,4.4,452589,10000000,Free,mature    ,action,2018-07-01
drive  x  luxury suv jeep,game,4.2,2183,500000,Free,everyone,racing,2018-07-10
motocross mayhem,game,3.8,35171,1000000,Free,everyone,racing,2014-02-11
dino defends king     dinosaur t rex hunter games,game,3.6,182,50000,Free,teen,adventure,2018-03-01
block gun  d  haunted hollow,game,3.8,16282,1000000,Free,teen,action,2017-10-09
navy gunner shoot war  d,game,4.0,103199,10000000,Free,teen,action,2018-08-02
drift legends,game,4.2,33788,1000000,Free,everyone,racing,2018-03-29
fk  flightkid ,game,0.0,2,10,Free,everyone,action,2016-03-03
toy truck rally  d,game,4.0,301895,50000000,Free,everyone,racing,2018-05-23
pro mx motocross  ,game,3.8,25275,5000000,Free,everyone,racing,2017-08-11
frontline commando,game,4.4,1351833,10000000,Free,teen,action,2013-10-28
gun builder elite,game,4.1,88941,1000000,Free,teen,action,2016-07-26
magnum     gun custom simulator,game,4.5,16815,1000000,Free,teen,action,2018-08-04
solitaire ,game,4.6,11235,100000,Paid,everyone,card,2018-07-30
fruit ninja classic,game,4.3,85468,1000000,Paid,everyone,arcade,2018-06-08
gun club armory,game,4.2,55014,1000000,Free,teen,action,2017-12-04
armed cam gun pack,game,4.2,1012,10000,Free,teen,action,2015-01-18
mu f o ,game,5.0,2,1,Paid,everyone,arcade,2017-03-03
fo fo fish,game,3.4,5,50,Free,everyone,arcade,2015-08-25
 x  jeep racer,game,4.1,7279,1000000,Free,everyone,racing,2018-03-09
frontline terrorist battle shoot  free fps shooter,game,4.2,9183,1000000,Free,mature    ,action,2018-06-22
mad dash fo  cash,game,5.0,14,100,Free,everyone,arcade,2017-06-19
race manager fp,game,3.8,196,5000,Free,everyone,racing,2014-11-03
fp runner,game,3.7,38,1000,Free,everyone,arcade,2016-06-29
modern counter terrorist fps shoot,game,4.0,795,100000,Free,teen,action,2017-08-29
monster ride pro,game,5.0,1,10,Free,everyone,racing,2018-03-05
beboncool gamepad v   ,game,3.9,404,100000,Free,everyone,arcade,2017-08-30
modern strike online,game,4.3,834117,10000000,Free,teen,action,2018-07-30
trine    complete story,game,3.8,252,10000,Paid,teen,action,2015-02-27
modern counter terror attack   shooting game,game,4.2,340,50000,Free,mature    ,action,2017-10-27
big hunter,game,4.3,245455,10000000,Free,everyone    ,action,2018-05-31
modern counter global strike  d,game,4.1,297,50000,Free,teen,action,2018-03-28
modern counter global strike  d v ,game,4.0,368,50000,Free,everyone    ,action,2018-03-28
winter wonderland,game,4.0,1287,50000,Free,everyone,education,2013-12-18
soccer clubs logo quiz,game,4.2,21661,1000000,Free,everyone,education,2018-05-24
sid story,game,4.4,28510,500000,Free,teen,card,2018-08-01
fatal raid   no   mobile fps,game,4.3,56496,1000000,Free,teen,action,2018-08-07
poker pro fr,game,4.2,5442,100000,Free,teen,card,2018-05-22
